qid	0	pid	rel
10008	0	15663	2
10008	0	302162	2
10008	0	302163	1
10008	0	302164	0
10008	0	302165	0
10008	0	302166	1
10008	0	322975	0
10008	0	322976	0
10008	0	373935	0
10008	0	500465	2
10008	0	550484	0
10008	0	586476	0
10008	0	586477	2
10008	0	696136	2
10008	0	712475	2
10008	0	720549	0
10012	0	15671	0
10012	0	188513	2
10012	0	33901	1
10012	0	354358	0
10012	0	360622	0
10012	0	434696	2
10012	0	586264	0
10012	0	656251	0
10012	0	66042	1
10012	0	739399	2
10047	0	136696	2
10047	0	136697	1
10047	0	145316	2
10047	0	15729	0
10047	0	187009	0
10047	0	187011	1
10047	0	187012	0
10047	0	187590	0
10047	0	187591	0
10047	0	187592	0
10047	0	190472	1
10047	0	195558	0
10047	0	219787	1
10047	0	270302	1
10047	0	392127	3
10061	0	109172	3
10061	0	130484	2
10061	0	15743	0
10061	0	180924	2
10061	0	280852	0
10061	0	297124	2
10061	0	297125	1
10061	0	297126	0
10061	0	339921	0
10061	0	488420	0
10061	0	493652	0
10061	0	59119	1
10094	0	130071	0
10094	0	15803	1
10094	0	182191	0
10094	0	182192	2
10094	0	182193	0
10094	0	232294	2
10094	0	348415	0
10094	0	354171	0
10094	0	354172	0
10094	0	361870	0
10094	0	364528	0
10094	0	375465	3
10094	0	738791	3
10094	0	756383	1
10103	0	157451	0
10103	0	15818	2
10103	0	15819	0
10103	0	187092	0
10103	0	187093	0
10103	0	320020	2
10103	0	349979	0
10103	0	470643	1
10103	0	519672	0
10103	0	549266	1
10103	0	549267	3
10103	0	549268	1
10103	0	621683	2
10103	0	627766	0
10103	0	627771	2
10103	0	748175	0
10167	0	113899	0
10167	0	15912	0
10167	0	278934	1
10167	0	329135	3
10167	0	470732	2
10167	0	470733	2
10167	0	557841	0
10167	0	619396	2
10167	0	639060	2
10167	0	657489	2
10167	0	690258	1
10167	0	757080	2
10167	0	95310	0
10178	0	135125	0
10178	0	15927	0
10178	0	219426	2
10178	0	385786	2
10178	0	499253	1
10178	0	500128	0
10178	0	606600	0
10178	0	661903	1
10178	0	688583	1
10178	0	704990	0
10197	0	131647	0
10197	0	131648	0
10197	0	15963	2
10197	0	15964	1
10197	0	182000	2
10197	0	265177	0
10197	0	265178	2
10197	0	280969	0
10197	0	303358	3
10197	0	366408	0
10197	0	366409	3
10197	0	418614	0
10197	0	446320	2
10197	0	446322	0
10197	0	581714	2
10197	0	58516	0
10197	0	629824	2
10197	0	95882	1
10219	0	111331	2
10219	0	16007	0
10219	0	18566	1
10219	0	18567	2
10219	0	270568	1
10219	0	270569	0
10219	0	332081	0
10219	0	332082	0
10219	0	332083	0
10219	0	332084	1
10219	0	332085	1
10219	0	332086	1
10219	0	332087	0
10219	0	332088	0
10219	0	380263	2
10219	0	380264	0
10219	0	380265	0
10219	0	478134	0
10219	0	55454	0
10219	0	55460	1
10219	0	66217	1
10219	0	697193	1
10219	0	697194	2
10219	0	739721	2
10219	0	739722	1
10238	0	16032	0
10238	0	22968	0
10238	0	253088	0
10238	0	366783	0
10238	0	366786	0
10238	0	425569	0
10238	0	425570	0
10238	0	550689	0
10238	0	572626	0
10238	0	572627	3
10238	0	692202	0
10238	0	692203	3
10238	0	692204	0
10238	0	742687	0
10238	0	749900	2
10282	0	16100	0
10282	0	187419	0
10282	0	330683	3
10282	0	418763	2
10282	0	44235	0
10282	0	444933	0
10282	0	446349	0
10282	0	495996	0
10282	0	586944	0
10282	0	623200	1
10292	0	16114	1
10292	0	209031	0
10292	0	261767	0
10292	0	329563	3
10292	0	463242	3
10292	0	575822	3
10292	0	613339	2
10292	0	690353	2
10292	0	727711	2
10292	0	740858	0
10306	0	16147	0
10306	0	16151	0
10306	0	251660	0
10306	0	271506	0
10306	0	271528	0
10306	0	271538	0
10306	0	328099	0
10306	0	357219	1
10306	0	48059	0
10306	0	48060	2
10306	0	499936	2
10306	0	618353	0
10306	0	618354	0
10306	0	618355	0
10306	0	618356	0
10306	0	643683	0
10306	0	676148	2
10306	0	676149	1
10306	0	726367	1
10306	0	726368	0
10306	0	85946	0
10306	0	85947	0
10306	0	85948	1
10306	0	85949	0
10306	0	94576	1
10346	0	114569	0
10346	0	149582	0
10346	0	16206	2
10346	0	16207	2
10346	0	271089	2
10346	0	271090	0
10346	0	329755	0
10346	0	329756	0
10346	0	380616	1
10346	0	381016	2
10346	0	381017	2
10346	0	381018	0
10346	0	381185	2
10346	0	412967	0
10346	0	549927	0
10346	0	719251	2
10346	0	719252	1
10369	0	16246	0
10369	0	16247	3
10369	0	462881	0
10369	0	462883	3
10369	0	462884	0
10369	0	462885	1
10369	0	462886	1
10369	0	469141	3
10369	0	469142	0
10369	0	469143	2
10369	0	469144	2
10369	0	517372	2
10369	0	517373	3
10369	0	550707	2
10369	0	555623	2
10369	0	581390	1
10369	0	581391	2
10369	0	581392	2
10369	0	637079	3
10369	0	665717	2
10369	0	67039	2
10369	0	99959	2
10369	0	99960	1
10381	0	136532	1
10381	0	159106	0
10381	0	16267	0
10381	0	189936	1
10381	0	241868	0
10381	0	242874	0
10381	0	242881	0
10381	0	242887	0
10381	0	242896	0
10381	0	283343	1
10381	0	349949	0
10381	0	349972	2
10381	0	374084	0
10381	0	374093	0
10381	0	37535	0
10381	0	406436	0
10381	0	406437	0
10381	0	406438	0
10381	0	406440	0
10381	0	406441	0
10381	0	40700	0
10381	0	40701	0
10381	0	40702	0
10381	0	40704	1
10381	0	40708	0
10381	0	441181	0
10381	0	441182	0
10381	0	441183	0
10381	0	441184	0
10381	0	441188	0
10381	0	441192	0
10381	0	518399	0
10381	0	555649	1
10381	0	555651	0
10381	0	614918	0
10381	0	634926	0
10381	0	640859	0
10381	0	640861	0
10381	0	640862	1
10381	0	660298	0
10381	0	665862	0
10381	0	665871	0
10381	0	690511	0
10381	0	690512	0
10381	0	728785	0
10381	0	728786	2
10381	0	746150	0
10381	0	746153	0
10381	0	746154	1
10381	0	746155	0
10381	0	746156	0
10381	0	746158	0
10381	0	746159	0
10426	0	127721	0
10426	0	127722	0
10426	0	127723	0
10426	0	16357	0
10426	0	16358	0
10426	0	205550	1
10426	0	243625	0
10426	0	381078	1
10426	0	381500	3
10426	0	430876	0
10426	0	452912	1
10426	0	500615	0
10426	0	66658	1
10444	0	137457	3
10444	0	138715	1
10444	0	16397	0
10444	0	16398	0
10444	0	28085	2
10444	0	418358	3
10444	0	452134	0
10444	0	54677	2
10444	0	728014	0
10444	0	734535	0
10444	0	88829	2
10519	0	111963	0
10519	0	16520	2
10519	0	196669	0
10519	0	196670	0
10519	0	196671	0
10519	0	246815	0
10519	0	246816	0
10519	0	262288	0
10519	0	427775	0
10519	0	427776	0
10519	0	546632	2
10519	0	620045	2
10519	0	728142	3
10519	0	728377	0
10587	0	16635	1
10587	0	187943	0
10587	0	187944	1
10587	0	216525	0
10587	0	226017	0
10587	0	247818	2
10587	0	247819	1
10587	0	247820	1
10587	0	254672	2
10587	0	254674	0
10587	0	342559	0
10587	0	342560	0
10587	0	342561	0
10587	0	342562	1
10587	0	468985	1
10587	0	468986	0
10587	0	468987	0
10587	0	55959	2
10587	0	717517	1
10587	0	739997	0
1059	0	1540	3
1059	0	161407	3
1059	0	282995	3
1059	0	316035	2
1059	0	324456	0
1059	0	324457	2
1059	0	454138	3
1059	0	51988	2
1059	0	560999	2
1059	0	642560	2
1059	0	730973	2
1059	0	731214	2
1059	0	731215	0
10591	0	137691	0
10591	0	137693	0
10591	0	137694	0
10591	0	16642	2
10591	0	187951	0
10591	0	2103	0
10591	0	2108	1
10591	0	26997	0
10591	0	309403	2
10591	0	423504	0
10591	0	473096	3
10591	0	500663	1
10591	0	55376	0
10591	0	55381	0
10591	0	672815	2
10591	0	71500	0
10591	0	78204	0
10591	0	99981	1
10591	0	99982	2
10591	0	99983	3
10615	0	147509	0
10615	0	16686	1
10615	0	1765	0
10615	0	208702	2
10615	0	235809	2
10615	0	26516	0
10615	0	297967	0
10615	0	297968	0
10615	0	297969	0
10615	0	388338	0
10615	0	428354	0
10615	0	502256	2
10615	0	553705	0
10615	0	597073	0
10615	0	64658	0
10636	0	16717	1
10636	0	316063	0
10636	0	316064	0
10636	0	316065	3
10636	0	316066	3
10636	0	316067	2
10636	0	316068	2
10636	0	322647	0
10636	0	374925	3
10636	0	405041	2
10636	0	543421	2
10636	0	554852	1
10636	0	589527	2
10636	0	713395	3
10636	0	739797	1
10636	0	93207	0
10715	0	121873	2
10715	0	16846	3
10715	0	172087	0
10715	0	208893	0
10715	0	208894	0
10715	0	208899	2
10715	0	208900	2
10715	0	208901	0
10715	0	208903	0
10715	0	208904	2
10715	0	259160	3
10715	0	259161	2
10715	0	267037	2
10715	0	268392	2
10715	0	286382	3
10715	0	340423	0
10715	0	487341	0
10715	0	580110	1
10715	0	580111	2
10715	0	66545	3
10715	0	66546	3
10715	0	684308	2
10715	0	699688	3
10715	0	720931	3
10738	0	16884	1
10738	0	16885	1
10738	0	243063	1
10738	0	261287	0
10738	0	261288	0
10738	0	261289	1
10738	0	261290	2
10738	0	261292	2
10738	0	261293	2
10738	0	261294	0
10738	0	261295	0
10738	0	261296	3
10738	0	298382	1
10738	0	35892	0
10738	0	383436	2
10738	0	383437	0
10738	0	430073	2
10738	0	430077	2
10738	0	430086	2
10738	0	469261	0
10738	0	469262	2
10738	0	530505	3
10738	0	579495	0
10738	0	579499	2
10738	0	657401	2
10738	0	727781	1
10738	0	727821	2
10738	0	746199	3
1075	0	1560	0
1075	0	1561	0
1075	0	1562	0
1075	0	1563	0
1075	0	161239	0
1075	0	199246	2
1075	0	201359	0
1075	0	294400	1
1075	0	294401	0
1075	0	315167	2
1075	0	315168	0
1075	0	392431	0
1075	0	486293	0
1075	0	51460	0
1075	0	535417	0
1075	0	535418	0
1075	0	535419	0
1075	0	535420	0
1075	0	572756	0
1075	0	572757	2
1075	0	654219	3
10756	0	116906	1
10756	0	16923	3
10756	0	248970	0
10756	0	289031	3
10756	0	289263	2
10756	0	410984	2
10756	0	449255	0
10756	0	480432	2
10756	0	653427	1
10756	0	728548	3
10779	0	108435	0
10779	0	16962	1
10779	0	188291	2
10779	0	191229	2
10779	0	19982	2
10779	0	384356	2
10779	0	49311	0
10779	0	662879	1
10779	0	67183	3
10779	0	70225	2
10779	0	70226	2
10803	0	138089	3
10803	0	17019	2
10803	0	17021	0
10803	0	17022	1
10803	0	312642	1
10803	0	312643	3
10803	0	31745	1
10803	0	36173	2
10803	0	433599	2
10803	0	515538	2
10803	0	538142	2
10803	0	587792	2
10803	0	695695	0
10803	0	728069	0
10816	0	17048	2
10816	0	25570	3
10816	0	277035	3
10816	0	430494	3
10816	0	439828	3
10816	0	442088	2
10816	0	442089	0
10816	0	442090	0
10816	0	462869	0
10816	0	560993	2
10816	0	610218	2
10816	0	687110	0
10820	0	106660	1
10820	0	106661	0
10820	0	17053	1
10820	0	264736	1
10820	0	277972	0
10820	0	277973	1
10820	0	277974	0
10820	0	277975	0
10820	0	354145	2
10820	0	354146	0
10820	0	386752	0
10820	0	387821	0
10820	0	469591	0
10820	0	507289	0
10820	0	507290	0
10820	0	507291	0
10820	0	507293	0
10820	0	507294	2
10820	0	507295	0
10820	0	588059	0
10820	0	588060	0
10820	0	588061	0
10820	0	588062	2
10820	0	712665	0
10820	0	712666	2
10820	0	746743	0
10835	0	17084	2
10835	0	200839	1
10835	0	297794	0
10835	0	405549	0
10835	0	573535	0
10835	0	608375	0
10835	0	657628	0
10835	0	695699	1
10835	0	713587	0
10835	0	97077	0
10869	0	123036	2
10869	0	17149	2
10869	0	238039	0
10869	0	238040	3
10869	0	238041	1
10869	0	244078	1
10869	0	34968	0
10869	0	418065	2
10869	0	418066	1
10869	0	517334	0
10869	0	584665	0
10869	0	621398	1
10869	0	727139	1
10869	0	86640	1
10869	0	86641	1
10869	0	86642	1
10879	0	154266	3
10879	0	154267	2
10879	0	17168	2
10879	0	260021	0
10879	0	3334	1
10879	0	400331	3
10879	0	400333	3
10879	0	564839	2
10879	0	650731	3
10879	0	650924	2
10879	0	735629	2
10879	0	77792	3
10879	0	81303	2
10900	0	128584	2
10900	0	17209	0
10900	0	247344	0
10900	0	247345	2
10900	0	249789	0
10900	0	527203	0
10900	0	636605	0
10900	0	671430	0
10900	0	671431	2
10900	0	696432	0
10900	0	696433	2
10900	0	728835	0
10900	0	728836	0
10900	0	757846	1
10900	0	757847	0
10937	0	125661	1
10937	0	135684	2
10937	0	17277	2
10937	0	201331	2
10937	0	316277	1
10937	0	35947	0
10937	0	514182	1
10937	0	605816	0
10937	0	86112	2
10937	0	93605	0
10937	0	93616	2
10949	0	17296	2
10949	0	200111	3
10949	0	250297	0
10949	0	372433	0
10949	0	372434	0
10949	0	527968	2
10949	0	561473	2
10949	0	576919	0
10949	0	58186	1
10949	0	728899	2
10949	0	728900	0
10949	0	79334	0
1096	0	1590	0
1096	0	1591	2
1096	0	1592	2
1096	0	1593	2
1096	0	1594	2
1096	0	163791	3
1096	0	178169	0
1096	0	178170	3
1096	0	178171	0
1096	0	193582	0
1096	0	193583	2
1096	0	228172	2
1096	0	228173	1
1096	0	228174	0
1096	0	228175	2
1096	0	282831	2
1096	0	343732	2
1096	0	453993	2
1096	0	465100	2
1096	0	491489	0
1096	0	632423	2
1097	0	1595	0
1097	0	1596	0
1097	0	223596	2
1097	0	265944	0
1097	0	265946	2
1097	0	411468	0
1097	0	416277	0
1097	0	506743	0
1097	0	528409	2
1097	0	62989	2
1097	0	642622	0
1097	0	669241	0
1097	0	78807	2
1097	0	84800	0
1097	0	84801	0
1109	0	122628	0
1109	0	122632	0
1109	0	132501	0
1109	0	132502	2
1109	0	157383	0
1109	0	157385	0
1109	0	1615	0
1109	0	163207	0
1109	0	295877	2
1109	0	304768	3
1109	0	349516	0
1109	0	349517	0
1109	0	349518	0
1109	0	349519	0
1109	0	376710	2
1109	0	376712	0
1109	0	409736	2
1109	0	409737	1
1109	0	496318	1
1109	0	542306	1
1109	0	542308	0
1109	0	62723	0
1109	0	688985	0
1109	0	689232	2
1109	0	9010	0
1109	0	93325	2
11155	0	17617	2
11155	0	209618	0
11155	0	209619	1
11155	0	214855	0
11155	0	242138	0
11155	0	242139	3
11155	0	25787	2
11155	0	25788	0
11155	0	325523	0
11155	0	434478	1
11155	0	434479	0
11155	0	516343	0
11155	0	516344	0
11155	0	635010	0
11155	0	635011	0
11155	0	635012	0
11155	0	744150	1
1117	0	147689	0
1117	0	1625	0
1117	0	213347	0
1117	0	269168	2
1117	0	269169	2
1117	0	319237	2
1117	0	389749	2
1117	0	521189	0
1117	0	521190	2
1117	0	625808	2
1117	0	635995	0
1117	0	712582	2
1117	0	752009	1
1120	0	1628	0
1120	0	227531	0
1120	0	235082	2
1120	0	290247	2
1120	0	377342	1
1120	0	414671	2
1120	0	457835	2
1120	0	457836	1
1120	0	507401	2
1120	0	507970	2
1120	0	736657	1
11204	0	121827	0
11204	0	169446	0
11204	0	17700	1
11204	0	209640	0
11204	0	331169	1
11204	0	382021	0
11204	0	382022	1
11204	0	382023	0
11204	0	467047	1
11204	0	608957	0
11204	0	658240	1
11204	0	97267	1
11215	0	17715	0
11215	0	17716	0
11215	0	180545	2
11215	0	180546	1
11215	0	180547	1
11215	0	180843	2
11215	0	199992	1
11215	0	199993	1
11215	0	220981	1
11215	0	220983	0
11215	0	220984	0
11215	0	269052	0
11215	0	269053	2
11215	0	320217	0
11215	0	342580	1
11215	0	425540	0
11215	0	462291	0
11215	0	465869	0
11215	0	496439	0
11239	0	15723	0
11239	0	17763	0
11239	0	420373	1
11239	0	470016	0
11239	0	51315	0
11239	0	588532	1
11239	0	604217	1
11239	0	641931	1
11239	0	669131	2
11239	0	691704	0
11261	0	106441	1
11261	0	128726	2
11261	0	17815	0
11261	0	17816	0
11261	0	200890	0
11261	0	298531	0
11261	0	309773	2
11261	0	325624	2
11261	0	469873	1
11261	0	474165	2
11261	0	519129	0
11261	0	519130	0
11261	0	671543	2
11261	0	68044	3
11311	0	101540	0
11311	0	101541	0
11311	0	144294	2
11311	0	17886	1
11311	0	183039	0
11311	0	304441	0
11311	0	304442	2
11311	0	384887	0
11311	0	495816	0
11311	0	63104	0
11311	0	658473	0
11311	0	741619	3
11333	0	101556	0
11333	0	112867	0
11333	0	17916	2
11333	0	28407	2
11333	0	309744	1
11333	0	325461	0
11333	0	476323	0
11333	0	527845	0
11333	0	527847	2
11333	0	527848	1
11333	0	577362	0
11333	0	587768	0
11333	0	626972	1
11333	0	758464	0
11342	0	118269	3
11342	0	130405	0
11342	0	130407	1
11342	0	130409	1
11342	0	17926	2
11342	0	17932	2
11342	0	310598	2
11342	0	310599	1
11342	0	397641	1
11342	0	423354	1
11342	0	500374	3
11342	0	612684	2
11342	0	62130	0
11342	0	691098	2
11342	0	700045	1
11342	0	700046	3
11342	0	700047	1
11342	0	700048	0
11342	0	700049	1
11342	0	700050	1
11342	0	700052	0
11342	0	700053	3
11342	0	700054	0
11342	0	80320	0
11342	0	80321	1
11342	0	80322	2
11342	0	80323	0
11376	0	126950	0
11376	0	146412	0
11376	0	17988	0
11376	0	210020	0
11376	0	232636	0
11376	0	331545	0
11376	0	607987	0
11376	0	631723	0
11376	0	636750	0
11376	0	681272	2
11376	0	77363	0
11386	0	139066	1
11386	0	18015	2
11386	0	189156	2
11386	0	189157	2
11386	0	227349	1
11386	0	256687	2
11386	0	267110	2
11386	0	420664	0
11386	0	444434	2
11386	0	588851	2
11386	0	665276	1
11386	0	75005	2
11386	0	75006	2
11399	0	18030	0
11399	0	191554	1
11399	0	277983	0
11399	0	304461	0
11399	0	340741	0
11399	0	340745	0
11399	0	369007	1
11399	0	369010	0
11399	0	369012	1
11399	0	383447	0
11399	0	383448	1
11399	0	383449	0
11399	0	383450	0
11399	0	418705	0
11399	0	453611	0
11399	0	502229	0
11399	0	537746	0
11399	0	551536	2
11399	0	641355	0
11399	0	673101	1
11425	0	177995	0
11425	0	18070	0
11425	0	299394	0
11425	0	299395	0
11425	0	320398	0
11425	0	349790	3
11425	0	393374	0
11425	0	431723	0
11425	0	517290	1
11425	0	62998	0
11425	0	694527	0
1152	0	1666	0
1152	0	1667	0
1152	0	1940	0
1152	0	30031	0
1152	0	302931	0
1152	0	432385	2
1152	0	544769	0
1152	0	561851	1
1152	0	619087	2
1152	0	708612	2
1152	0	82127	0
11522	0	18225	0
11522	0	183366	0
11522	0	183379	1
11522	0	211030	0
11522	0	211032	0
11522	0	228668	0
11522	0	286159	0
11522	0	286161	1
11522	0	286162	0
11522	0	286163	0
11522	0	286165	2
11522	0	286169	1
11522	0	286170	2
11522	0	299669	0
11522	0	383479	0
11522	0	383480	0
11522	0	383481	0
11522	0	40627	1
11522	0	427605	0
11522	0	427606	0
11522	0	491063	2
11522	0	499945	0
11522	0	569879	0
11522	0	742057	0
11522	0	94072	2
11524	0	18227	1
11524	0	190361	1
11524	0	190362	2
11524	0	190363	2
11524	0	217206	3
11524	0	217229	1
11524	0	383483	2
11524	0	389464	0
11524	0	697570	0
11524	0	697571	2
11524	0	697770	0
11524	0	748209	3
11524	0	96431	0
11533	0	127134	3
11533	0	18242	2
11533	0	18243	0
11533	0	18244	2
11533	0	248289	2
11533	0	264847	1
11533	0	299634	2
11533	0	299635	2
11533	0	299637	2
11533	0	331719	2
11533	0	331721	0
11533	0	350053	1
11533	0	456620	1
11533	0	470487	3
11533	0	470488	2
11533	0	502180	2
11533	0	563614	1
11533	0	658825	1
11533	0	658826	2
11533	0	658827	2
11533	0	658828	0
11533	0	682686	0
11533	0	682699	2
11533	0	68525	1
1154	0	102448	2
1154	0	127796	0
1154	0	127798	2
1154	0	127800	0
1154	0	1669	0
1154	0	194378	0
1154	0	29345	0
1154	0	409748	0
1154	0	564483	2
1154	0	577732	2
1154	0	60242	0
1154	0	6810	0
1154	0	735282	0
1154	0	756545	0
1154	0	756546	0
11557	0	145680	0
11557	0	18292	1
11557	0	18293	0
11557	0	288227	0
11557	0	331828	0
11557	0	331829	0
11557	0	459089	0
11557	0	497116	2
11557	0	497117	0
11557	0	57502	0
11557	0	615515	0
11557	0	615516	0
11557	0	687298	0
11557	0	719373	0
11557	0	729912	0
11579	0	139359	2
11579	0	142239	2
11579	0	18328	3
11579	0	18329	2
11579	0	18330	1
11579	0	30298	2
11579	0	331817	1
11579	0	36615	3
11579	0	457239	2
11579	0	513931	2
11579	0	609577	2
11579	0	677003	2
11579	0	729940	2
11623	0	159758	0
11623	0	18399	2
11623	0	18401	2
11623	0	18402	2
11623	0	208309	1
11623	0	291710	2
11623	0	291711	2
11623	0	331954	2
11623	0	37255	2
11623	0	697080	2
11623	0	729467	2
11623	0	761377	2
11623	0	87442	0
11642	0	105569	0
11642	0	139674	2
11642	0	156369	2
11642	0	18436	2
11642	0	32988	3
11642	0	355207	0
11642	0	355264	2
11642	0	40852	2
11642	0	526075	3
11642	0	57330	1
11642	0	695956	0
11642	0	79071	0
11652	0	173996	2
11652	0	173997	0
11652	0	173998	0
11652	0	18462	0
11652	0	18463	1
11652	0	217462	2
11652	0	217463	1
11652	0	224091	0
11652	0	224092	0
11652	0	305950	2
11652	0	305951	3
11652	0	345734	0
11652	0	345735	0
11652	0	35277	1
11652	0	426212	2
11652	0	497284	0
11652	0	578058	2
11652	0	74091	1
11696	0	18531	0
11696	0	186104	0
11696	0	260881	0
11696	0	499073	0
11696	0	537872	0
11696	0	578124	2
11696	0	627760	1
11696	0	627761	0
11696	0	666949	0
11696	0	666950	2
11696	0	68820	0
11696	0	68821	0
11727	0	174007	2
11727	0	18581	2
11727	0	274683	0
11727	0	274684	2
11727	0	29134	1
11727	0	293349	2
11727	0	293350	2
11727	0	44424	0
11727	0	475063	1
11727	0	527338	2
11727	0	553310	1
11727	0	702288	0
11727	0	753000	1
11727	0	753001	1
11727	0	82615	2
11727	0	82616	0
11736	0	133753	0
11736	0	18602	1
11736	0	188734	0
11736	0	248743	0
11736	0	453045	0
11736	0	51135	0
11736	0	51136	0
11736	0	583505	0
11736	0	679404	1
11736	0	691511	0
11736	0	729674	2
11759	0	139403	2
11759	0	146131	2
11759	0	150537	1
11759	0	184512	1
11759	0	18636	1
11759	0	257959	1
11759	0	336881	0
11759	0	383128	2
11759	0	407983	2
11759	0	665372	2
11759	0	686727	0
11775	0	139631	0
11775	0	163359	2
11775	0	165370	2
11775	0	18658	1
11775	0	257642	2
11775	0	257643	0
11775	0	301490	2
11775	0	449712	2
11775	0	449713	3
11775	0	487348	1
11775	0	536422	0
11775	0	536423	2
11775	0	536425	0
11775	0	536427	2
11775	0	602267	2
11775	0	684286	2
11775	0	68985	0
11775	0	68986	3
11775	0	731287	2
11775	0	734688	2
1178	0	1713	2
1178	0	19591	2
1178	0	232415	0
1178	0	2331	2
1178	0	2332	1
1178	0	283241	1
1178	0	337	0
1178	0	404832	0
1178	0	541241	1
1178	0	572886	2
1178	0	90961	2
1178	0	90962	1
11788	0	107270	0
11788	0	107271	0
11788	0	169769	0
11788	0	169770	0
11788	0	18675	0
11788	0	374840	0
11788	0	374841	0
11788	0	375276	0
11788	0	421299	0
11788	0	490433	1
11788	0	543331	1
11788	0	543332	0
11788	0	6397	0
11788	0	73337	0
11788	0	73339	0
11828	0	102772	2
11828	0	18727	2
11828	0	223487	0
11828	0	333158	0
11828	0	371034	0
11828	0	416361	2
11828	0	504160	2
11828	0	535872	3
11828	0	553000	1
11828	0	704099	2
1184	0	1720	0
1184	0	1721	1
1184	0	1722	1
1184	0	192102	0
1184	0	192103	0
1184	0	255406	0
1184	0	255407	1
1184	0	360741	0
1184	0	385272	0
1184	0	392980	0
1184	0	585601	0
1184	0	585602	1
1184	0	5942	0
1184	0	5943	2
1184	0	5944	1
1184	0	637586	0
1184	0	740992	0
11850	0	173974	0
11850	0	18777	0
11850	0	188106	1
11850	0	188115	2
11850	0	224074	3
11850	0	286919	0
11850	0	31940	0
11850	0	345726	2
11850	0	345727	1
11850	0	364536	2
11850	0	364537	2
11850	0	478299	1
11850	0	535772	0
11850	0	591870	0
11850	0	591871	2
11850	0	641346	1
11891	0	139469	0
11891	0	18850	2
11891	0	204458	0
11891	0	256186	2
11891	0	348667	2
11891	0	348668	0
11891	0	351183	3
11891	0	641915	2
11891	0	717165	2
11891	0	719116	3
11891	0	729932	0
11928	0	165225	1
11928	0	18917	1
11928	0	336955	3
11928	0	372222	2
11928	0	421532	2
11928	0	421533	2
11928	0	527277	1
11928	0	533056	2
11928	0	552399	2
11928	0	552400	2
11928	0	671582	2
11928	0	671583	2
11928	0	87977	3
11943	0	115026	2
11943	0	18937	1
11943	0	201757	2
11943	0	211014	1
11943	0	285173	2
11943	0	32028	3
11943	0	409109	2
11943	0	516285	0
11943	0	516286	1
11943	0	516287	0
11943	0	743880	2
11943	0	80976	0
11949	0	18945	0
11949	0	289198	0
11949	0	289199	1
11949	0	289200	0
11949	0	339289	0
11949	0	383465	1
11949	0	480359	0
11949	0	500711	0
11949	0	517975	2
11949	0	567509	0
11949	0	567510	2
11949	0	616750	0
11949	0	659510	1
11949	0	659511	1
11949	0	659512	1
11949	0	69272	1
11982	0	136005	0
11982	0	136006	0
11982	0	184111	3
11982	0	184112	0
11982	0	19004	0
11982	0	19005	0
11982	0	29121	0
11982	0	305566	0
11982	0	308255	2
11982	0	308256	0
11982	0	38387	0
11982	0	499604	0
11982	0	50984	0
11982	0	585731	0
11982	0	659552	0
12007	0	19039	0
12007	0	240821	0
12007	0	262947	0
12007	0	273660	0
12007	0	296658	3
12007	0	311804	0
12007	0	334821	0
12007	0	363168	0
12007	0	417908	2
12007	0	720294	0
12045	0	162129	0
12045	0	190976	0
12045	0	19102	0
12045	0	191176	0
12045	0	384280	0
12045	0	476061	0
12045	0	485183	0
12045	0	508529	0
12045	0	557416	0
12045	0	639951	1
12061	0	145792	2
12061	0	19132	2
12061	0	24837	3
12061	0	495886	3
12061	0	503761	0
12061	0	642164	0
12061	0	681123	0
12061	0	692479	0
12061	0	730718	2
12061	0	732	0
12079	0	106186	0
12079	0	140182	0
12079	0	163516	0
12079	0	19180	0
12079	0	246427	0
12079	0	332671	0
12079	0	356328	2
12079	0	462377	0
12079	0	503104	0
12079	0	503105	1
12079	0	557719	0
12079	0	606868	0
12079	0	606869	0
12079	0	720835	0
12081	0	133591	0
12081	0	133592	0
12081	0	133593	0
12081	0	19183	0
12081	0	19186	0
12081	0	214748	0
12081	0	214749	0
12081	0	350202	0
12081	0	36637	0
12081	0	378424	0
12081	0	387077	1
12081	0	387078	0
12081	0	387079	0
12081	0	387080	0
12081	0	387083	0
12081	0	387084	2
12081	0	458188	2
12081	0	490421	0
12081	0	490425	0
12081	0	535523	0
12081	0	539352	0
12081	0	572154	0
12081	0	703170	0
12081	0	708319	0
12081	0	77389	0
12087	0	112881	0
12087	0	145630	0
12087	0	19194	0
12087	0	426995	0
12087	0	453594	0
12087	0	458918	0
12087	0	525814	1
12087	0	645864	0
12087	0	730810	0
12087	0	730811	1
12087	0	736347	1
12087	0	95945	0
12091	0	19198	1
12091	0	19199	2
12091	0	193170	0
12091	0	211250	0
12091	0	299874	1
12091	0	421048	0
12091	0	421049	2
12091	0	441796	1
12091	0	474118	1
12091	0	480035	0
12091	0	581563	0
12091	0	758233	0
12091	0	758234	2
12091	0	758235	0
12091	0	758236	2
12099	0	150672	0
12099	0	19218	0
12099	0	332707	0
12099	0	332708	2
12099	0	354779	1
12099	0	383681	2
12099	0	483879	1
12099	0	501065	0
12099	0	524051	0
12099	0	524052	2
12099	0	719086	0
12099	0	89844	1
12099	0	94391	2
12105	0	19226	0
12105	0	19227	0
12105	0	211279	0
12105	0	221274	0
12105	0	253337	2
12105	0	332766	0
12105	0	383735	0
12105	0	50181	0
12105	0	501935	0
12105	0	620345	1
12105	0	625558	1
12105	0	705584	0
1211	0	122806	0
1211	0	1757	1
1211	0	1758	1
1211	0	1759	1
1211	0	1760	0
1211	0	267285	2
1211	0	267509	0
1211	0	273070	0
1211	0	294641	2
1211	0	497008	2
1211	0	545814	3
1211	0	599243	3
1211	0	715491	2
12121	0	140246	0
12121	0	140247	0
12121	0	140248	1
12121	0	167941	3
12121	0	19257	0
12121	0	218180	2
12121	0	24495	0
12121	0	24496	2
12121	0	24497	2
12121	0	256356	2
12121	0	427047	2
12121	0	595115	0
12121	0	595116	1
12121	0	595117	0
12121	0	666470	1
12121	0	85201	0
12149	0	19308	1
12149	0	19309	1
12149	0	298546	0
12149	0	412885	0
12149	0	421922	2
12149	0	469405	2
12149	0	501136	2
12149	0	532033	2
12149	0	633583	2
12149	0	671954	2
12149	0	747138	1
12149	0	747139	3
12149	0	747141	0
12154	0	109874	2
12154	0	109875	0
12154	0	109876	0
12154	0	121705	2
12154	0	19315	2
12154	0	219063	0
12154	0	219064	0
12154	0	230739	0
12154	0	230740	2
12154	0	281340	2
12154	0	560217	0
12154	0	667571	0
12154	0	667572	1
12154	0	699541	0
12154	0	93014	0
12166	0	19331	0
12166	0	19332	2
12166	0	227711	0
12166	0	253163	1
12166	0	333614	0
12166	0	349492	3
12166	0	35995	2
12166	0	384531	0
12166	0	467908	2
12166	0	626852	0
12166	0	631972	0
12166	0	631973	1
12166	0	631974	0
12166	0	676384	2
12166	0	676385	2
12166	0	676386	0
12166	0	692668	0
12200	0	120513	0
12200	0	170664	0
12200	0	19379	0
12200	0	208765	0
12200	0	208767	1
12200	0	208769	0
12200	0	208773	0
12200	0	208774	0
12200	0	282073	2
12200	0	282074	0
12200	0	282075	0
12200	0	282076	1
12200	0	308005	0
12200	0	341214	2
12200	0	341223	0
12200	0	401819	2
12200	0	401822	0
12200	0	401823	0
12200	0	401824	0
12200	0	401825	0
12200	0	483374	0
12200	0	486524	0
12200	0	486529	1
12200	0	486534	1
12200	0	486535	0
12200	0	486536	0
12200	0	57586	0
12200	0	57587	0
12200	0	722388	0
12200	0	727933	2
12209	0	100596	2
12209	0	19390	1
12209	0	239326	2
12209	0	367706	2
12209	0	367707	2
12209	0	484325	0
12209	0	598383	1
12209	0	599745	1
12209	0	610588	2
12209	0	666409	2
12209	0	719915	2
12209	0	731008	3
12209	0	741123	2
12222	0	19417	2
12222	0	228214	0
12222	0	259415	0
12222	0	259416	0
12222	0	289495	0
12222	0	322089	0
12222	0	342816	2
12222	0	373022	0
12222	0	373023	0
12222	0	463355	1
12222	0	473609	0
12222	0	512845	0
12222	0	599274	2
12222	0	599275	0
12222	0	662952	0
12249	0	133954	0
12249	0	19462	0
12249	0	19463	2
12249	0	19464	3
12249	0	19465	0
12249	0	255320	0
12249	0	338724	2
12249	0	422065	2
12249	0	422066	0
12249	0	422067	0
12249	0	422068	0
12249	0	422069	0
12249	0	508871	0
12249	0	610652	3
12249	0	697996	0
12249	0	731075	0
12249	0	731076	0
12249	0	731077	1
12249	0	732908	1
12249	0	9731	0
12284	0	19516	0
12284	0	280373	0
12284	0	280374	2
12284	0	300901	0
12284	0	389983	2
12284	0	421528	2
12284	0	510372	2
12284	0	559231	2
12284	0	578358	2
12284	0	596443	2
12284	0	610196	2
12289	0	116986	2
12289	0	185591	1
12289	0	192469	1
12289	0	19527	0
12289	0	19528	2
12289	0	19529	0
12289	0	19531	2
12289	0	329480	2
12289	0	378739	3
12289	0	380135	1
12289	0	450420	0
12289	0	54812	0
12289	0	54813	2
12289	0	660100	1
12289	0	69807	0
12306	0	179740	2
12306	0	179741	0
12306	0	19552	0
12306	0	211596	2
12306	0	211597	1
12306	0	262440	0
12306	0	262442	0
12306	0	262443	0
12306	0	293551	0
12306	0	310774	0
12306	0	351548	0
12306	0	376059	0
12306	0	384106	0
12306	0	597126	0
12306	0	597127	1
12306	0	749675	2
12306	0	754953	0
12306	0	754954	3
12306	0	754955	0
12306	0	754956	1
12351	0	158774	2
12351	0	19631	3
12351	0	293342	0
12351	0	343641	0
12351	0	343642	0
12351	0	343643	0
12351	0	351253	0
12351	0	351254	0
12351	0	471682	1
12351	0	487182	0
12351	0	520830	0
12351	0	69666	0
12351	0	703190	3
12351	0	749463	0
1239	0	177293	0
1239	0	177294	0
1239	0	177295	0
1239	0	177296	0
1239	0	177297	0
1239	0	177298	0
1239	0	177299	0
1239	0	177300	0
1239	0	177301	0
1239	0	177302	0
1239	0	1799	0
1239	0	1809	0
1239	0	1816	0
1239	0	1818	0
1239	0	1823	1
1239	0	191774	0
1239	0	191788	0
1239	0	209681	3
1239	0	265679	1
1239	0	337504	0
1239	0	357972	0
1239	0	357973	0
1239	0	357974	0
1239	0	357975	0
1239	0	411162	0
1239	0	414394	0
1239	0	501715	1
1239	0	501716	0
1239	0	540575	0
1239	0	540576	0
1239	0	540577	0
1239	0	551011	0
1239	0	551012	1
1239	0	578125	3
1239	0	634938	0
1239	0	634939	0
1239	0	634940	2
1239	0	634941	0
1239	0	634944	0
1239	0	690221	0
1239	0	690222	0
1239	0	690223	1
1239	0	741253	1
1239	0	741254	0
12391	0	19710	2
12391	0	22005	0
12391	0	384151	0
12391	0	387093	0
12391	0	444586	2
12391	0	465605	0
12391	0	613082	1
12391	0	613083	3
12391	0	615953	3
12391	0	654576	0
12391	0	665478	0
1242	0	153408	0
1242	0	154999	2
1242	0	1804	0
1242	0	357619	2
1242	0	403489	0
1242	0	439717	0
1242	0	537937	0
1242	0	55260	1
1242	0	684949	0
1243	0	1805	0
1243	0	193823	2
1243	0	193824	2
1243	0	203544	0
1243	0	203545	0
1243	0	289521	2
1243	0	310123	0
1243	0	461163	2
1243	0	480657	2
1243	0	649495	3
1243	0	669304	2
1243	0	669305	2
1243	0	97491	2
12443	0	106256	1
12443	0	19799	0
12443	0	200134	0
12443	0	248720	0
12443	0	248722	0
12443	0	419744	0
12443	0	556447	0
12443	0	588378	0
12443	0	675667	0
12443	0	748609	0
12461	0	19829	0
12461	0	211845	1
12461	0	25041	1
12461	0	381300	2
12461	0	497728	0
12461	0	497729	0
12461	0	497730	0
12461	0	500940	3
12461	0	503718	0
12461	0	521143	0
12461	0	521144	0
12461	0	521145	0
12461	0	521146	0
12461	0	521147	0
12461	0	521148	0
12461	0	521149	0
12461	0	569029	1
12461	0	665575	0
12461	0	7038	0
12484	0	14306	0
12484	0	175216	0
12484	0	184664	0
12484	0	184665	0
12484	0	184666	0
12484	0	184667	2
12484	0	184668	0
12484	0	184669	2
12484	0	184672	0
12484	0	184673	0
12484	0	192237	0
12484	0	19875	0
12484	0	20254	0
12484	0	271202	0
12484	0	301576	2
12484	0	301577	0
12484	0	312915	0
12484	0	335853	0
12484	0	342944	0
12484	0	365257	0
12484	0	365258	2
12484	0	365259	2
12484	0	365260	2
12484	0	365261	1
12484	0	365262	0
12484	0	365263	1
12484	0	365265	2
12484	0	365266	0
12484	0	385384	0
12484	0	497657	0
12484	0	497658	0
12484	0	553647	2
12484	0	591043	0
12484	0	63686	0
12484	0	63687	0
12484	0	650980	1
12484	0	689939	0
12484	0	708954	0
12487	0	103112	0
12487	0	103114	1
12487	0	103115	0
12487	0	19879	0
12487	0	19880	0
12487	0	211840	0
12487	0	337141	0
12487	0	387980	0
12487	0	492606	1
12487	0	573540	1
12487	0	587503	2
12487	0	611046	0
12487	0	613397	2
12487	0	702097	1
12547	0	101531	0
12547	0	140939	0
12547	0	19992	0
12547	0	333456	2
12547	0	414946	2
12547	0	464419	0
12547	0	503889	0
12547	0	540716	0
12547	0	561439	0
12547	0	603588	0
12572	0	20034	3
12572	0	20035	2
12572	0	224796	2
12572	0	278661	2
12572	0	369661	2
12572	0	384449	2
12572	0	448173	3
12572	0	472020	2
12572	0	472022	2
12572	0	472023	2
12572	0	472024	2
12572	0	472025	2
12572	0	486460	2
12572	0	588857	2
12572	0	602458	2
12572	0	681888	2
12572	0	70277	2
12584	0	123239	0
12584	0	123240	0
12584	0	123241	0
12584	0	123242	0
12584	0	20055	0
12584	0	326879	2
12584	0	333469	1
12584	0	333470	0
12584	0	333471	0
12584	0	333472	0
12584	0	353622	1
12584	0	390747	2
12584	0	503906	0
12584	0	529436	2
12584	0	697987	2
12584	0	81135	3
12597	0	109840	0
12597	0	109841	2
12597	0	109842	0
12597	0	109843	0
12597	0	109844	0
12597	0	131361	1
12597	0	173311	0
12597	0	173312	0
12597	0	173313	2
12597	0	173314	2
12597	0	173315	1
12597	0	173316	0
12597	0	173317	1
12597	0	173318	0
12597	0	173319	1
12597	0	173320	1
12597	0	20080	0
12597	0	203839	0
12597	0	203841	0
12597	0	230707	0
12597	0	294850	2
12597	0	347956	0
12597	0	377099	0
12597	0	458070	0
12597	0	486007	0
12597	0	653957	1
12597	0	685916	0
12597	0	685917	0
12597	0	685918	0
12597	0	739421	2
12598	0	122771	2
12598	0	191323	2
12598	0	20081	2
12598	0	264352	2
12598	0	274596	1
12598	0	315165	2
12598	0	319583	3
12598	0	383319	1
12598	0	421439	2
12598	0	485780	3
12598	0	553303	2
12598	0	70332	1
12598	0	70333	2
12628	0	121002	0
12628	0	159219	0
12628	0	185218	2
12628	0	20132	3
12628	0	41055	2
12628	0	411750	2
12628	0	472322	0
12628	0	600144	1
12628	0	652873	2
12628	0	71496	0
12636	0	20149	0
12636	0	20150	0
12636	0	333665	0
12636	0	384581	2
12636	0	467613	2
12636	0	472716	0
12636	0	516940	0
12636	0	611274	2
12636	0	611275	0
12636	0	635652	0
12636	0	65561	0
12636	0	698675	0
12757	0	114917	0
12757	0	185486	0
12757	0	20381	0
12757	0	283816	3
12757	0	306945	0
12757	0	308740	0
12757	0	385570	0
12757	0	489313	2
12757	0	606565	1
12757	0	684218	0
12757	0	684219	1
12757	0	684220	0
12757	0	70637	2
12757	0	734668	2
12799	0	132648	1
12799	0	20453	1
12799	0	22275	0
12799	0	22277	0
12799	0	250693	1
12799	0	292399	0
12799	0	413703	2
12799	0	463212	2
12799	0	524470	2
12799	0	575752	0
12799	0	725321	0
12799	0	731478	1
12812	0	103690	2
12812	0	20480	0
12812	0	212496	0
12812	0	326542	0
12812	0	336499	0
12812	0	387360	0
12812	0	387361	0
12812	0	55266	0
12812	0	574100	0
12812	0	574101	0
12812	0	574102	1
12812	0	574103	1
12812	0	611589	0
12812	0	611590	0
12812	0	713268	0
12821	0	111671	0
12821	0	191126	0
12821	0	20497	0
12821	0	279657	0
12821	0	363334	2
12821	0	471272	0
12821	0	475593	0
12821	0	61456	0
12821	0	678004	0
12821	0	678007	0
12821	0	79581	0
12821	0	91238	0
12829	0	122402	2
12829	0	20506	0
12829	0	20508	0
12829	0	20509	0
12829	0	215459	0
12829	0	334160	0
12829	0	442997	0
12829	0	44374	0
12829	0	524507	0
12829	0	524508	2
12829	0	611624	0
12829	0	674286	2
12829	0	680110	0
12829	0	94686	0
12832	0	103870	0
12832	0	103871	1
12832	0	139221	3
12832	0	153650	0
12832	0	20515	0
12832	0	242503	2
12832	0	284959	2
12832	0	315971	0
12832	0	400267	1
12832	0	406519	3
12832	0	406520	0
12832	0	438295	1
12832	0	685100	0
12832	0	685101	2
12832	0	685102	0
12841	0	20529	1
12841	0	235208	0
12841	0	265090	2
12841	0	294791	3
12841	0	370256	1
12841	0	387301	2
12841	0	387302	0
12841	0	387304	0
12841	0	387305	1
12841	0	387306	0
12841	0	387307	2
12841	0	387308	1
12841	0	436353	1
12841	0	515508	3
12841	0	603965	3
12841	0	634159	3
12841	0	64061	3
1286	0	12257	0
1286	0	122900	0
1286	0	12659	2
1286	0	1863	0
1286	0	1864	1
1286	0	1865	0
1286	0	212143	1
1286	0	212144	1
1286	0	212145	0
1286	0	212146	1
1286	0	262423	0
1286	0	384569	0
1286	0	436286	0
1286	0	436287	1
1286	0	45097	1
1286	0	45098	0
1286	0	475267	0
1286	0	538513	0
1286	0	724268	0
12932	0	20689	2
12932	0	20690	3
12932	0	20691	3
12932	0	25696	0
12932	0	30884	2
12932	0	423219	3
12932	0	423220	2
12932	0	472846	0
12932	0	510518	0
12932	0	591463	1
12932	0	591464	2
12932	0	601443	2
12932	0	678391	0
12932	0	699209	3
12939	0	20703	2
12939	0	20704	2
12939	0	20705	2
12939	0	23919	3
12939	0	23921	3
12939	0	263543	3
12939	0	292805	2
12939	0	292806	2
12939	0	372728	0
12939	0	385872	1
12939	0	385873	3
12939	0	399024	0
12939	0	434880	0
12939	0	434881	0
12939	0	513602	0
12939	0	574340	0
12939	0	574342	0
12939	0	632245	2
12939	0	71517	0
12939	0	71518	0
12939	0	71519	2
12939	0	71520	2
12939	0	71521	2
12939	0	71522	0
12968	0	20751	2
12968	0	252145	1
12968	0	302553	3
12968	0	330332	2
12968	0	381162	1
12968	0	418719	2
12968	0	505362	3
12968	0	580353	1
12968	0	591556	2
12983	0	135320	2
12983	0	141695	2
12983	0	20775	2
12983	0	20776	2
12983	0	275328	2
12983	0	327901	3
12983	0	417157	3
12983	0	466646	0
12983	0	505395	1
12983	0	554181	2
12983	0	554182	1
12983	0	698400	0
13007	0	163046	2
13007	0	163047	2
13007	0	163049	2
13007	0	169112	2
13007	0	169113	0
13007	0	169114	0
13007	0	169115	1
13007	0	169116	1
13007	0	201294	2
13007	0	20827	2
13007	0	256978	0
13007	0	361983	3
13007	0	361984	2
13007	0	444319	0
13007	0	551358	1
13007	0	551359	0
13007	0	588807	1
13007	0	632924	1
13007	0	745335	0
13007	0	759510	0
13007	0	759513	0
13007	0	759514	1
13007	0	759515	2
13007	0	80429	0
13007	0	80430	0
1303	0	182854	0
1303	0	1894	0
1303	0	210915	0
1303	0	223995	0
1303	0	261184	0
1303	0	383311	1
1303	0	416706	0
1303	0	416707	0
1303	0	466744	0
1303	0	466745	0
1303	0	504450	0
1303	0	504451	0
1303	0	553300	2
1303	0	672424	2
13048	0	124801	0
13048	0	130047	0
13048	0	130048	0
13048	0	20906	0
13048	0	212950	0
13048	0	316887	0
13048	0	322719	0
13048	0	329119	0
13048	0	329120	1
13048	0	329121	0
13048	0	379992	0
13048	0	510955	2
13048	0	510957	0
13048	0	510959	0
13048	0	612005	0
13048	0	661441	0
13048	0	661442	0
13048	0	661443	1
13048	0	8909	0
13061	0	110268	2
13061	0	110269	0
13061	0	110271	0
13061	0	153147	2
13061	0	172949	0
13061	0	20933	0
13061	0	20935	1
13061	0	20936	1
13061	0	219128	2
13061	0	256184	2
13061	0	256185	0
13061	0	435353	2
13061	0	656596	1
13061	0	662579	0
13061	0	726953	0
13061	0	80999	0
1309	0	103168	2
1309	0	11286	0
1309	0	1903	0
1309	0	200056	1
1309	0	316291	2
1309	0	316292	0
1309	0	33819	0
1309	0	454298	2
1309	0	479969	0
1309	0	622260	3
1309	0	642935	0
1309	0	642936	2
1309	0	643647	0
1309	0	725460	0
1309	0	8070	2
1309	0	8071	2
1309	0	8073	1
13099	0	12257	0
13099	0	156639	0
13099	0	156640	0
13099	0	20991	2
13099	0	35810	1
13099	0	385934	0
13099	0	435154	2
13099	0	524755	0
13099	0	556377	0
13099	0	606094	2
13099	0	625598	0
13099	0	661512	2
13106	0	21001	1
13106	0	250519	1
13106	0	275693	2
13106	0	366504	0
13106	0	436770	0
13106	0	472970	1
13106	0	591837	0
13106	0	649101	1
13109	0	21006	0
13109	0	288588	2
13109	0	314709	0
13109	0	353267	0
13109	0	353268	2
13109	0	353269	2
13109	0	471941	0
13109	0	539368	2
13109	0	618591	3
13109	0	704660	2
13109	0	704661	0
13109	0	712611	0
13109	0	93622	1
13109	0	93624	2
13115	0	21014	1
13115	0	211369	0
13115	0	239243	2
13115	0	296060	0
13115	0	41549	1
13115	0	470078	2
13115	0	482089	0
13115	0	482090	0
13115	0	482091	3
13115	0	665860	1
13115	0	68015	1
13115	0	681926	0
13115	0	681927	0
13115	0	742327	1
13115	0	742328	1
1314	0	138129	1
1314	0	138130	0
1314	0	138131	0
1314	0	138134	0
1314	0	138139	0
1314	0	166569	0
1314	0	166570	0
1314	0	187542	2
1314	0	187543	0
1314	0	187544	2
1314	0	187545	2
1314	0	187546	0
1314	0	1908	2
1314	0	308874	0
1314	0	308875	0
1314	0	308876	0
1314	0	308879	0
1314	0	309806	1
1314	0	320368	0
1314	0	320379	0
1314	0	365517	0
1314	0	442233	1
1314	0	480519	0
1314	0	529333	1
1314	0	529334	1
1314	0	529336	0
1314	0	529337	1
1314	0	538716	0
1314	0	538718	0
1314	0	538719	0
1314	0	538720	2
1314	0	538721	0
1314	0	587822	0
1314	0	587823	0
1314	0	587824	0
1314	0	587825	0
1314	0	609507	0
1314	0	63354	0
1314	0	707573	0
1314	0	707574	0
1314	0	757460	0
1314	0	757461	0
1314	0	9585	1
1314	0	9632	0
13198	0	123268	2
13198	0	126506	0
13198	0	126516	0
13198	0	126518	0
13198	0	21178	0
13198	0	21179	0
13198	0	315582	1
13198	0	315583	2
13198	0	388686	2
13198	0	404581	0
13198	0	404582	0
13198	0	404583	0
13198	0	404584	0
13198	0	404585	0
13198	0	505790	0
13198	0	505791	2
13198	0	505792	0
13198	0	505793	0
13198	0	505794	0
13198	0	517722	0
13198	0	517723	1
13198	0	517724	0
13198	0	523497	0
13198	0	523498	0
13198	0	54091	2
13198	0	640677	0
13198	0	732752	1
13198	0	732753	2
13198	0	732754	0
13198	0	732755	0
13198	0	732756	0
13198	0	732757	0
13198	0	732758	0
13198	0	732759	1
13198	0	732760	0
13198	0	732761	0
13223	0	122036	0
13223	0	148862	2
13223	0	148863	0
13223	0	21221	0
13223	0	322646	0
13223	0	359152	0
13223	0	428331	2
13223	0	548479	0
13223	0	548480	0
13223	0	548481	2
13223	0	718492	3
13223	0	72005	0
13223	0	745780	1
13223	0	745781	0
13223	0	745782	0
13223	0	745783	0
13223	0	745784	0
13229	0	117643	1
13229	0	117644	0
13229	0	167768	0
13229	0	167769	0
13229	0	167770	1
13229	0	21227	0
13229	0	371106	0
13229	0	395313	0
13229	0	398851	1
13229	0	449253	0
13229	0	480485	1
13229	0	480487	1
13229	0	480489	1
13229	0	480493	0
13229	0	480494	0
13229	0	485252	0
13229	0	567045	0
13229	0	582630	0
13229	0	586000	2
13229	0	586010	0
13229	0	586016	0
13229	0	586018	1
13229	0	721658	0
13229	0	729308	0
13229	0	81237	0
13229	0	81238	0
13242	0	126912	0
13242	0	171417	1
13242	0	171418	2
13242	0	204310	2
13242	0	21250	3
13242	0	217077	0
13242	0	247155	2
13242	0	302520	0
13242	0	302521	2
13242	0	365100	2
13242	0	415002	2
13242	0	493942	2
13242	0	531124	2
13242	0	531125	2
13242	0	531126	1
13242	0	531127	0
13242	0	83564	3
13275	0	192551	2
13275	0	212255	0
13275	0	21314	0
13275	0	300854	2
13275	0	390700	2
13275	0	43443	2
13275	0	492196	2
13275	0	53678	0
13275	0	573165	1
13275	0	71559	0
13275	0	71560	0
13275	0	97911	1
13284	0	167220	1
13284	0	21329	0
13284	0	306655	1
13284	0	358982	0
13284	0	365241	1
13284	0	44666	0
13284	0	528133	0
13284	0	609113	0
13284	0	71965	0
13284	0	77331	0
13284	0	86191	1
1331	0	1935	0
1331	0	281369	1
1331	0	282586	0
1331	0	331676	0
1331	0	484217	2
1331	0	561378	0
1331	0	561379	0
1331	0	591022	2
1331	0	651432	3
1331	0	680722	2
1331	0	759007	3
13320	0	137186	1
13320	0	173376	0
13320	0	173378	0
13320	0	173379	0
13320	0	187492	1
13320	0	187493	0
13320	0	187494	0
13320	0	187495	1
13320	0	211531	0
13320	0	21390	2
13320	0	261830	1
13320	0	261831	0
13320	0	31344	0
13320	0	592132	0
13320	0	592133	1
13320	0	592134	0
13320	0	622429	0
13320	0	743174	0
13320	0	743175	0
13320	0	743176	0
13320	0	743177	0
13320	0	743178	3
13372	0	128245	2
13372	0	128251	2
13372	0	200462	0
13372	0	200463	0
13372	0	200466	0
13372	0	200470	1
13372	0	21490	0
13372	0	282884	0
13372	0	286191	0
13372	0	335196	0
13372	0	335197	2
13372	0	385856	0
13372	0	398437	0
13372	0	561586	1
13372	0	570194	1
13372	0	604032	0
13372	0	612617	0
13372	0	612618	0
13372	0	612619	2
13372	0	612620	1
13372	0	662045	0
13379	0	192700	2
13379	0	21503	1
13379	0	41926	0
13379	0	573070	0
13379	0	573071	0
13379	0	573072	0
13379	0	603868	0
13379	0	603869	0
13379	0	603870	0
13379	0	648787	0
13379	0	648788	2
13379	0	665853	1
13379	0	665854	0
13379	0	665855	0
13379	0	665856	0
13379	0	665857	1
13379	0	665858	0
13379	0	665859	0
13379	0	692704	0
13379	0	692705	0
13379	0	71724	0
13379	0	726325	0
13379	0	96563	0
13389	0	155016	0
13389	0	155017	2
13389	0	213489	2
13389	0	21523	2
13389	0	21524	2
13389	0	334957	0
13389	0	34071	2
13389	0	34072	0
13389	0	34073	1
13389	0	34074	2
13389	0	40213	3
13389	0	405042	0
13389	0	405043	1
13389	0	514242	2
13389	0	612641	2
13389	0	631096	3
13389	0	694181	3
13455	0	129168	0
13455	0	129179	0
13455	0	187716	0
13455	0	21647	1
13455	0	21650	0
13455	0	21651	0
13455	0	21652	0
13455	0	21653	0
13455	0	21655	0
13455	0	21656	1
13455	0	21657	0
13455	0	220434	0
13455	0	222331	0
13455	0	30129	0
13455	0	30130	0
13455	0	310938	0
13455	0	310939	1
13455	0	424182	0
13455	0	507554	0
13455	0	670674	0
13455	0	80484	0
13464	0	186776	0
13464	0	21670	0
13464	0	274326	1
13464	0	295366	2
13464	0	436033	1
13464	0	466091	1
13464	0	466670	2
13464	0	516005	0
13464	0	516006	0
13464	0	565987	2
13464	0	71856	0
13469	0	21679	0
13469	0	224002	3
13469	0	251814	0
13469	0	32029	3
13469	0	428550	2
13469	0	477995	2
13469	0	59818	2
13469	0	704573	0
13469	0	733275	3
13469	0	756045	0
13492	0	101835	1
13492	0	156898	0
13492	0	184000	0
13492	0	195007	0
13492	0	21724	1
13492	0	302292	2
13492	0	449580	2
13492	0	651100	0
13492	0	665367	2
13492	0	715384	2
13492	0	715385	1
13492	0	754106	0
13492	0	754107	2
13492	0	754108	1
13492	0	754109	2
13495	0	21729	0
13495	0	21730	1
13495	0	21731	1
13495	0	314780	2
13495	0	314787	1
13495	0	335244	2
13495	0	371005	0
13495	0	420397	0
13495	0	423537	1
13495	0	456031	2
13495	0	607971	3
13495	0	646455	1
13495	0	683508	3
13495	0	76678	0
13501	0	171430	3
13501	0	192868	0
13501	0	21743	3
13501	0	282115	2
13501	0	282116	0
13501	0	485801	1
13501	0	585332	0
13501	0	585333	2
13501	0	641777	0
13501	0	698952	3
13501	0	704979	2
13586	0	187015	1
13586	0	21900	0
13586	0	253240	0
13586	0	303131	0
13586	0	353761	0
13586	0	532920	0
13586	0	651669	0
13586	0	651670	0
13586	0	651671	0
13586	0	701570	2
13586	0	72068	0
13586	0	72069	0
13586	0	749990	1
13586	0	757137	0
13618	0	131847	1
13618	0	213919	1
13618	0	21950	2
13618	0	22138	1
13618	0	423786	1
13618	0	423787	0
13618	0	474235	0
13618	0	474236	0
13618	0	592870	0
13618	0	612279	1
13618	0	658906	2
13618	0	705810	1
13618	0	99376	2
13618	0	99377	0
13629	0	118881	2
13629	0	136187	0
13629	0	148197	2
13629	0	148198	2
13629	0	21970	0
13629	0	238824	0
13629	0	275689	0
13629	0	275690	2
13629	0	279185	0
13629	0	335458	1
13629	0	477311	1
13629	0	618247	0
13629	0	618248	0
13629	0	641510	0
13629	0	733555	0
13652	0	101512	0
13652	0	131152	0
13652	0	134352	0
13652	0	165674	0
13652	0	170208	0
13652	0	217505	0
13652	0	217506	0
13652	0	217507	2
13652	0	22010	1
13652	0	22012	0
13652	0	22013	1
13652	0	335674	0
13652	0	447724	0
13652	0	447726	0
13652	0	46302	0
13652	0	525992	1
13652	0	525993	0
13652	0	525994	0
13652	0	525995	0
13652	0	525996	1
13652	0	582799	0
13652	0	613096	2
13652	0	662541	2
13652	0	662542	2
13652	0	662544	3
13652	0	662545	0
13652	0	662546	2
13652	0	662547	0
13652	0	662552	0
13652	0	723148	0
13652	0	96707	2
13663	0	131255	1
13663	0	1765	0
13663	0	184077	2
13663	0	193153	3
13663	0	193154	0
13663	0	216405	2
13663	0	22035	3
13663	0	226847	0
13663	0	240121	3
13663	0	302556	2
13663	0	30751	1
13663	0	349000	2
13663	0	349001	2
13663	0	349002	0
13663	0	349003	0
13663	0	349004	1
13663	0	349005	1
13663	0	349006	2
13663	0	349007	0
13663	0	349010	2
13663	0	349011	0
13663	0	432730	2
13663	0	474947	2
13663	0	54656	3
13663	0	603550	0
13663	0	674247	2
13663	0	674248	2
13663	0	674249	1
13663	0	674250	2
13663	0	674251	2
13663	0	674252	0
13663	0	674253	2
13663	0	674254	3
13663	0	674255	3
13663	0	685613	2
13663	0	685614	2
13663	0	685616	1
13663	0	685617	2
13663	0	685618	2
13663	0	685619	2
13663	0	700608	1
13663	0	709423	1
13663	0	709424	2
13663	0	709425	0
13663	0	709426	0
13663	0	72193	1
13663	0	72194	0
13663	0	72195	0
13663	0	72196	0
13663	0	72197	0
13663	0	72198	1
13663	0	72201	1
13663	0	72202	2
13664	0	182628	0
13664	0	182629	1
13664	0	193156	0
13664	0	22036	0
13664	0	22037	0
13664	0	22038	2
13664	0	245989	1
13664	0	25142	0
13664	0	305493	0
13664	0	413410	2
13664	0	413411	0
13664	0	413412	0
13664	0	463425	0
13664	0	463426	0
13664	0	463427	0
13664	0	512932	1
13664	0	512933	0
13664	0	579165	0
13664	0	579166	0
13664	0	701230	0
13664	0	751974	1
13673	0	193172	0
13673	0	214257	3
13673	0	22056	2
13673	0	281966	0
13673	0	480043	1
13673	0	529793	2
13673	0	656213	0
13673	0	670671	1
13673	0	700228	0
13673	0	756328	3
13770	0	147760	0
13770	0	161867	0
13770	0	161880	0
13770	0	188265	3
13770	0	188267	0
13770	0	188268	0
13770	0	188269	0
13770	0	197893	0
13770	0	22247	1
13770	0	364572	1
13770	0	550449	0
13770	0	716645	0
13770	0	737865	0
13770	0	87300	0
13770	0	87360	0
13770	0	97481	0
13777	0	148133	0
13777	0	148134	0
13777	0	187924	0
13777	0	211763	0
13777	0	22259	0
13777	0	269618	3
13777	0	300389	0
13777	0	431799	0
13777	0	456196	0
13777	0	571375	3
13777	0	624311	1
13777	0	652136	2
13803	0	112122	3
13803	0	144089	2
13803	0	22314	0
13803	0	258964	2
13803	0	304286	3
13803	0	425810	3
13803	0	437917	0
13803	0	475015	1
13803	0	475016	2
13803	0	475018	3
13803	0	489378	0
13803	0	489379	1
13803	0	489380	0
13803	0	489381	2
13803	0	489382	2
13803	0	489383	0
13803	0	489384	2
13803	0	580726	2
13803	0	6397	0
13818	0	129135	2
13818	0	143039	3
13818	0	143040	1
13818	0	197934	0
13818	0	22337	0
13818	0	22338	3
13818	0	22339	0
13818	0	22340	2
13818	0	22341	0
13818	0	22342	0
13818	0	287794	2
13818	0	287795	2
13818	0	287796	2
13818	0	287797	3
13818	0	330581	1
13818	0	330582	1
13818	0	330583	0
13818	0	330584	2
13818	0	330585	3
13818	0	330586	0
13818	0	379159	0
13818	0	413767	0
13818	0	413768	2
13818	0	449904	2
13818	0	453822	0
13818	0	453823	0
13818	0	453824	2
13818	0	453825	0
13818	0	453826	0
13818	0	46261	0
13818	0	532854	0
13818	0	581769	0
13818	0	581770	0
13818	0	581773	2
13818	0	581774	0
13818	0	581775	3
13818	0	581776	1
13818	0	581777	1
13818	0	581778	2
13818	0	581779	1
13818	0	642251	1
13818	0	642252	2
13818	0	642254	1
13818	0	642255	2
13818	0	642256	0
13818	0	642257	2
13818	0	642258	0
13818	0	728648	0
13818	0	728649	0
13818	0	728660	0
13818	0	79280	0
13818	0	79281	0
13818	0	79282	3
13819	0	125151	0
13819	0	12988	0
13819	0	3158	0
13819	0	3159	0
13819	0	3160	0
13819	0	365875	0
13819	0	488939	2
13819	0	526240	0
13819	0	581772	2
13819	0	607533	0
13819	0	656809	0
13819	0	656810	0
13819	0	72514	0
13819	0	72515	0
13819	0	741750	0
13828	0	137155	0
13828	0	165027	0
13828	0	165028	1
13828	0	165029	0
13828	0	180354	2
13828	0	22357	1
13828	0	308842	2
13828	0	308844	0
13828	0	308846	0
13828	0	308847	1
13828	0	308848	0
13828	0	308849	0
13828	0	320118	1
13828	0	427844	2
13828	0	515431	1
13828	0	684900	2
13828	0	733906	1
13828	0	98066	2
1385	0	120835	0
1385	0	2004	0
1385	0	206074	2
1385	0	256367	0
1385	0	510344	0
1385	0	710986	2
1385	0	726551	0
1385	0	756711	1
1385	0	761933	2
1385	0	83315	0
1385	0	8845	0
13855	0	181689	0
13855	0	181690	0
13855	0	181691	0
13855	0	193500	0
13855	0	193501	0
13855	0	196214	2
13855	0	196215	2
13855	0	213883	0
13855	0	22395	1
13855	0	386742	1
13855	0	424141	2
13855	0	424142	0
13855	0	434812	2
13855	0	473764	2
13855	0	521894	0
13855	0	72576	2
13860	0	198178	0
13860	0	22401	1
13860	0	225266	1
13860	0	225267	2
13860	0	253234	0
13860	0	253235	2
13860	0	258450	2
13860	0	308897	1
13860	0	33200	0
13860	0	346960	2
13860	0	348972	1
13860	0	424898	0
13860	0	566305	2
13860	0	566306	1
13860	0	566307	3
13860	0	566308	1
13860	0	566309	1
13860	0	566310	2
13860	0	733956	2
13883	0	216226	3
13883	0	216227	1
13883	0	22442	3
13883	0	22443	2
13883	0	229585	1
13883	0	308954	2
13883	0	308955	2
13883	0	337721	1
13883	0	359004	0
13883	0	359005	2
13883	0	359006	2
13883	0	495089	2
13883	0	500301	0
13883	0	500302	0
13883	0	500303	0
13883	0	501389	1
13883	0	501390	0
13883	0	613473	2
13957	0	22577	0
13957	0	268490	0
13957	0	336002	1
13957	0	390430	0
13957	0	439643	1
13957	0	65741	0
13957	0	666677	1
13957	0	716784	3
13957	0	734182	1
13957	0	76405	2
13959	0	145035	0
13959	0	194242	2
13959	0	22579	2
13959	0	242640	2
13959	0	387642	0
13959	0	475153	2
13959	0	576861	0
13959	0	67420	1
13959	0	741010	2
13959	0	95347	3
1400	0	114093	2
1400	0	173357	1
1400	0	173358	3
1400	0	2028	0
1400	0	211515	3
1400	0	211516	0
1400	0	230723	3
1400	0	230724	2
1400	0	230725	0
1400	0	262830	0
1400	0	262831	0
1400	0	262834	0
1400	0	262837	0
1400	0	32175	2
1400	0	39026	1
1400	0	402800	0
1400	0	434766	0
1400	0	45229	0
1400	0	707468	0
1400	0	711006	3
1400	0	711007	2
1400	0	90738	2
1400	0	90739	3
1400	0	90740	0
14004	0	135103	1
14004	0	193867	2
14004	0	214655	3
14004	0	22662	2
14004	0	231941	1
14004	0	336165	2
14004	0	424701	2
14004	0	543583	2
14004	0	543584	0
14004	0	613691	0
14004	0	618930	0
14004	0	618931	0
14004	0	618932	2
14004	0	706668	0
14004	0	706669	2
14030	0	104332	0
14030	0	131466	3
14030	0	174308	2
14030	0	214648	0
14030	0	214649	0
14030	0	214650	0
14030	0	22721	2
14030	0	313933	0
14030	0	386029	1
14030	0	403909	1
14030	0	418439	3
14030	0	435239	0
14030	0	435240	0
14030	0	435243	1
14030	0	551568	0
14030	0	554308	1
14030	0	554309	0
14030	0	554310	0
14030	0	554313	0
14030	0	554314	0
14030	0	663248	0
14030	0	67	0
14030	0	701093	1
14030	0	716745	1
14030	0	720948	0
1406	0	117156	0
1406	0	183799	2
1406	0	188176	1
1406	0	2037	0
1406	0	232878	0
1406	0	233933	0
1406	0	233934	0
1406	0	272521	0
1406	0	272522	0
1406	0	464224	1
1406	0	584832	0
1406	0	593553	0
1406	0	593554	0
1406	0	593555	2
1406	0	593556	0
1406	0	593557	0
14101	0	136193	0
14101	0	22854	0
14101	0	22855	1
14101	0	336298	1
14101	0	336554	0
14101	0	337231	0
14101	0	373081	2
14101	0	526807	2
14101	0	613304	2
14101	0	613305	0
14101	0	613306	0
14101	0	613876	2
14101	0	663380	2
14101	0	735354	0
14184	0	115887	3
14184	0	165997	0
14184	0	194145	1
14184	0	23020	0
14184	0	23021	2
14184	0	287482	0
14184	0	444155	1
14184	0	478819	1
14184	0	516320	0
14184	0	516321	2
14184	0	565333	1
14184	0	565334	1
14184	0	565335	0
14184	0	581711	0
14184	0	581712	0
14184	0	581713	0
14184	0	581715	0
14184	0	74831	0
14184	0	74832	0
14184	0	74835	1
14186	0	130745	2
14186	0	23029	1
14186	0	232261	3
14186	0	284497	1
14186	0	334673	0
14186	0	334674	1
14186	0	424791	1
14186	0	455527	0
14186	0	48111	2
14186	0	56792	0
14186	0	760046	0
14221	0	106268	3
14221	0	126454	2
14221	0	142304	3
14221	0	156128	2
14221	0	204242	2
14221	0	204243	3
14221	0	204244	2
14221	0	23105	1
14221	0	23106	0
14221	0	23107	2
14221	0	23108	2
14221	0	23109	2
14221	0	318770	2
14221	0	397293	3
14221	0	397294	0
14221	0	397295	2
14221	0	397296	2
14221	0	397297	2
14221	0	397298	2
14221	0	407411	1
14221	0	407413	1
14221	0	527587	3
14221	0	595706	0
14221	0	596781	2
14221	0	596782	3
14221	0	596783	2
14224	0	194227	0
14224	0	23113	0
14224	0	382209	3
14224	0	387444	2
14224	0	543130	2
14224	0	614358	3
14224	0	627326	2
14224	0	627550	0
14224	0	669752	1
14224	0	676875	0
14241	0	23137	2
14241	0	309644	0
14241	0	360352	0
14241	0	360354	1
14241	0	360355	2
14241	0	360356	1
14241	0	360357	1
14241	0	480190	0
14241	0	543231	1
14241	0	576726	2
14241	0	576727	0
14241	0	576728	0
14241	0	576730	2
14241	0	592554	0
14241	0	626349	2
14241	0	626350	2
14241	0	652689	3
14241	0	652690	2
14241	0	652691	1
14241	0	652692	0
14241	0	652693	1
14241	0	716731	1
14241	0	83972	3
14241	0	83973	2
14241	0	83974	2
14241	0	83975	3
14324	0	101518	1
14324	0	138759	2
14324	0	138761	0
14324	0	194416	0
14324	0	23276	2
14324	0	23278	0
14324	0	23279	2
14324	0	3005	0
14324	0	336946	2
14324	0	336947	1
14324	0	336948	0
14324	0	337827	0
14324	0	388611	0
14324	0	388612	2
14324	0	388613	0
14324	0	508053	2
14324	0	510967	1
14324	0	51253	2
14324	0	696750	2
14458	0	150564	3
14458	0	153796	0
14458	0	153797	2
14458	0	160297	2
14458	0	160298	0
14458	0	160299	0
14458	0	161706	3
14458	0	23519	2
14458	0	325968	3
14458	0	382587	2
14458	0	550931	2
14458	0	638452	2
14458	0	638453	2
14458	0	73692	1
14458	0	741219	2
14464	0	154864	0
14464	0	154865	2
14464	0	214756	2
14464	0	23529	0
14464	0	426157	1
14464	0	478983	1
14464	0	560303	0
14464	0	614546	2
14464	0	614547	0
14464	0	614816	0
14464	0	702012	0
14464	0	729838	0
14464	0	729839	1
14464	0	735156	0
1448	0	12692	1
1448	0	151709	2
1448	0	151710	3
1448	0	151711	0
1448	0	2098	1
1448	0	2099	2
1448	0	2100	0
1448	0	229400	1
1448	0	229401	2
1448	0	405317	2
1448	0	422001	3
1448	0	515041	1
1448	0	531581	2
1448	0	531582	3
1448	0	540937	0
1448	0	573329	2
1448	0	591334	3
1448	0	591335	2
14508	0	111955	0
14508	0	162613	0
14508	0	194738	1
14508	0	23595	0
14508	0	23596	0
14508	0	356313	2
14508	0	545775	0
14508	0	582351	0
14508	0	599022	0
14508	0	73858	1
14508	0	752781	0
14508	0	752782	1
14508	0	752783	2
14508	0	75547	0
14512	0	164654	0
14512	0	164657	0
14512	0	166792	0
14512	0	23600	0
14512	0	283013	0
14512	0	283014	0
14512	0	283015	0
14512	0	283018	0
14512	0	330017	0
14512	0	337949	0
14512	0	388706	2
14512	0	48225	0
14512	0	642581	0
14512	0	642583	0
14512	0	642584	0
14512	0	735247	1
14512	0	84046	0
14512	0	8847	0
14512	0	8848	0
14512	0	92359	0
14562	0	139539	2
14562	0	139540	0
14562	0	221932	1
14562	0	221933	2
14562	0	221934	3
14562	0	228393	0
14562	0	228394	2
14562	0	23681	0
14562	0	260117	0
14562	0	260118	0
14562	0	260120	0
14562	0	260121	0
14562	0	260684	2
14562	0	29242	2
14562	0	29999	2
14562	0	311818	0
14562	0	503157	2
14562	0	89723	3
14589	0	143617	1
14589	0	193269	0
14589	0	211371	0
14589	0	215731	1
14589	0	23734	1
14589	0	261662	1
14589	0	38097	1
14589	0	420190	2
14589	0	420191	2
14589	0	420192	0
14589	0	441858	0
14589	0	491537	0
14589	0	492082	1
14589	0	654019	0
14608	0	121062	2
14608	0	23759	0
14608	0	242273	2
14608	0	243216	1
14608	0	323688	0
14608	0	368011	3
14608	0	417758	3
14608	0	54113	2
14608	0	690735	2
14608	0	690736	1
14608	0	705770	1
14608	0	732732	3
14620	0	1113	0
14620	0	139555	0
14620	0	189899	0
14620	0	23782	0
14620	0	273115	0
14620	0	33701	0
14620	0	475830	0
14620	0	594421	0
14620	0	674743	2
14620	0	68390	0
14620	0	93529	0
14621	0	128910	0
14621	0	129140	2
14621	0	23783	0
14621	0	248907	3
14621	0	321459	1
14621	0	363338	0
14621	0	469794	0
14621	0	622179	0
14621	0	642470	0
14621	0	65803	1
14621	0	718911	3
14626	0	132686	0
14626	0	230941	0
14626	0	231037	1
14626	0	23792	0
14626	0	245341	2
14626	0	258626	0
14626	0	258627	0
14626	0	304933	1
14626	0	309678	1
14626	0	31080	0
14626	0	31083	0
14626	0	533582	0
14626	0	533583	0
14626	0	582564	3
14674	0	113951	0
14674	0	113952	0
14674	0	113953	0
14674	0	113954	0
14674	0	113957	0
14674	0	113958	0
14674	0	113959	0
14674	0	113960	0
14674	0	130022	0
14674	0	130027	0
14674	0	149316	0
14674	0	149318	0
14674	0	149319	0
14674	0	149322	0
14674	0	149323	0
14674	0	149324	0
14674	0	149325	0
14674	0	175617	0
14674	0	175618	2
14674	0	175619	0
14674	0	175621	0
14674	0	175622	0
14674	0	175623	1
14674	0	175624	2
14674	0	175625	0
14674	0	175626	2
14674	0	236525	0
14674	0	23868	0
14674	0	259017	2
14674	0	288341	2
14674	0	302674	2
14674	0	344920	0
14674	0	347475	0
14674	0	347476	3
14674	0	461171	2
14674	0	461172	0
14674	0	513587	0
14674	0	513588	2
14674	0	513589	0
14674	0	513591	0
14674	0	513592	0
14674	0	513593	0
14674	0	513594	0
14674	0	513595	0
14674	0	513596	0
14674	0	537386	0
14674	0	547987	0
14674	0	547988	0
14674	0	547989	0
14674	0	547991	0
14674	0	547992	0
14674	0	547993	0
14674	0	612476	0
14674	0	612477	2
14674	0	612479	1
14674	0	627827	0
14674	0	630064	0
14674	0	666028	0
14674	0	679136	0
14674	0	68900	0
14674	0	706145	2
14674	0	706146	0
14681	0	103729	2
14681	0	140439	1
14681	0	23876	0
14681	0	42817	0
14681	0	431456	1
14681	0	458144	1
14681	0	507722	0
14681	0	575352	2
14681	0	735546	0
14681	0	754536	0
1470	0	10648	0
1470	0	117260	2
1470	0	117261	0
1470	0	122948	1
1470	0	122949	0
1470	0	122951	2
1470	0	122952	2
1470	0	122953	0
1470	0	122954	3
1470	0	122955	0
1470	0	122956	1
1470	0	122957	0
1470	0	122958	0
1470	0	123206	2
1470	0	123207	0
1470	0	183241	1
1470	0	2087697	0
1470	0	2087698	0
1470	0	2087699	0
1470	0	2087700	0
1470	0	2087701	0
1470	0	2087702	0
1470	0	2136	0
1470	0	2137	0
1470	0	2138	1
1470	0	2139	0
1470	0	316405	1
1470	0	316406	0
1470	0	452722	3
1470	0	486874	2
1470	0	588932	0
1470	0	588933	2
1470	0	588934	2
1470	0	616046	0
1470	0	616047	2
1470	0	616048	1
1470	0	616049	1
1470	0	616050	1
1470	0	616051	0
1470	0	616052	1
1470	0	616053	2
1470	0	616054	0
1470	0	649201	0
1470	0	713485	2
1470	0	713486	1
1470	0	715444	2
14700	0	114645	0
14700	0	114646	0
14700	0	114647	0
14700	0	114648	0
14700	0	168850	0
14700	0	235605	1
14700	0	23899	0
14700	0	246546	0
14700	0	361778	2
14700	0	428100	0
14700	0	438751	0
14700	0	525696	0
14700	0	590412	2
14700	0	638534	1
14700	0	638535	1
14700	0	736899	0
14700	0	99843	0
14748	0	23991	1
14748	0	23992	2
14748	0	304235	1
14748	0	304236	0
14748	0	304237	2
14748	0	42121	0
14748	0	42122	2
14748	0	425514	0
14748	0	425515	0
14748	0	425516	0
14748	0	425517	2
14748	0	425518	0
14748	0	474960	2
14748	0	502377	0
14748	0	556280	2
14748	0	582783	1
14748	0	74255	2
14748	0	753838	1
1476	0	130039	1
1476	0	2147	1
1476	0	232457	2
1476	0	251316	1
1476	0	301798	2
1476	0	47399	2
1476	0	52600	1
1476	0	617623	3
1476	0	699647	0
1476	0	79693	0
1477	0	109926	0
1477	0	13003	0
1477	0	13010	1
1477	0	141188	0
1477	0	141189	0
1477	0	141190	0
1477	0	141191	0
1477	0	165392	0
1477	0	165393	0
1477	0	165394	0
1477	0	165395	0
1477	0	165396	0
1477	0	165397	0
1477	0	2148	0
1477	0	2149	2
1477	0	2150	0
1477	0	2154	0
1477	0	308195	1
1477	0	308196	0
1477	0	308197	0
1477	0	308201	0
1477	0	316334	0
1477	0	376867	0
1477	0	44546	0
1477	0	454812	1
1477	0	454813	1
1477	0	478212	1
1477	0	527405	0
1477	0	531358	1
1477	0	582658	0
1477	0	669090	2
1477	0	669091	1
1477	0	669092	1
1477	0	669093	0
1477	0	669094	0
1477	0	669095	0
1477	0	669096	0
1477	0	669097	0
1477	0	669098	0
1477	0	669099	0
1477	0	731772	0
1477	0	731773	0
1477	0	731775	0
1477	0	731776	0
1477	0	731777	0
1477	0	731778	0
1477	0	731779	0
1477	0	731781	0
1477	0	731782	0
1477	0	756313	0
1477	0	756314	0
14781	0	216330	2
14781	0	216331	0
14781	0	24040	2
14781	0	389141	0
14781	0	438409	2
14781	0	462816	2
14781	0	512271	3
14781	0	533659	0
14781	0	538955	2
14781	0	696768	0
14781	0	74358	3
14810	0	110687	1
14810	0	131296	1
14810	0	24092	0
14810	0	252584	0
14810	0	338091	0
14810	0	338094	0
14810	0	401709	1
14810	0	474385	0
14810	0	570486	2
14810	0	570487	3
14810	0	576330	2
14810	0	576331	1
14810	0	612847	2
14810	0	629967	0
14810	0	662863	0
14810	0	662864	0
14811	0	111319	0
14811	0	481188	0
14811	0	481189	0
14811	0	669871	2
14826	0	24116	2
14826	0	284833	0
14826	0	30941	1
14826	0	314110	0
14826	0	482561	1
14826	0	482906	1
14826	0	501845	0
14826	0	531761	1
14826	0	759151	0
14826	0	81374	1
14836	0	131113	3
14836	0	24137	0
14836	0	24138	2
14836	0	24139	2
14836	0	281261	1
14836	0	289912	0
14836	0	289921	2
14836	0	318475	2
14836	0	324556	0
14836	0	330614	2
14836	0	330615	0
14836	0	330617	0
14836	0	330618	2
14836	0	330619	2
14836	0	330620	0
14836	0	330621	3
14836	0	330622	3
14836	0	330623	3
14836	0	330624	2
14836	0	350561	2
14836	0	350563	3
14836	0	350565	2
14836	0	350567	1
14836	0	350568	2
14836	0	350570	3
14836	0	381453	2
14836	0	429958	2
14836	0	445524	3
14836	0	445525	0
14836	0	557575	2
14836	0	557576	1
14836	0	566658	2
14836	0	566660	2
14836	0	566663	2
14836	0	566671	0
14836	0	671435	0
14836	0	70157	2
14836	0	747071	3
14836	0	747073	2
14836	0	747074	3
14836	0	747075	2
14882	0	100394	2
14882	0	100395	1
14882	0	24240	3
14882	0	287279	1
14882	0	304822	2
14882	0	570871	2
14882	0	615296	3
14882	0	644659	0
14882	0	664753	3
14882	0	685241	2
14882	0	685242	2
14882	0	685243	0
14882	0	685244	2
14882	0	702696	1
14882	0	735645	0
14883	0	106614	2
14883	0	106615	0
14883	0	106616	1
14883	0	183706	3
14883	0	222289	0
14883	0	24244	3
14883	0	333168	0
14883	0	389155	0
14883	0	582961	1
14883	0	615299	2
14883	0	702691	0
14883	0	753422	2
1491	0	2176	0
1491	0	310506	0
1491	0	36454	0
1491	0	411500	2
1491	0	512730	0
1491	0	541768	1
1491	0	561619	0
1491	0	578093	0
1491	0	631812	0
1491	0	676856	0
1491	0	676857	0
14914	0	227656	0
14914	0	227657	1
14914	0	24304	0
14914	0	297885	0
14914	0	388639	0
14914	0	408231	0
14914	0	414335	3
14914	0	522657	0
14914	0	597768	1
14914	0	614797	2
14914	0	672796	1
14914	0	696980	0
14914	0	74584	1
14937	0	145279	3
14937	0	176929	0
14937	0	24340	0
14937	0	270217	0
14937	0	270218	0
14937	0	337968	0
14937	0	337969	0
14937	0	337970	1
14937	0	461874	0
14937	0	492997	1
14937	0	508164	0
14937	0	511828	0
14937	0	511829	3
14937	0	511830	0
14937	0	511831	0
14937	0	565684	0
14937	0	680063	2
14948	0	106488	2
14948	0	187032	1
14948	0	187034	0
14948	0	24356	2
14948	0	24360	0
14948	0	267642	0
14948	0	286727	0
14948	0	388418	0
14948	0	491166	2
14948	0	56106	1
14948	0	56107	2
14948	0	56333	0
14948	0	638608	0
14948	0	68646	1
14948	0	68647	3
14948	0	68648	2
14948	0	96411	1
14973	0	195587	2
14973	0	195588	0
14973	0	23085	0
14973	0	24406	0
14973	0	268837	0
14973	0	318936	2
14973	0	357652	0
14973	0	439900	1
14973	0	547078	2
14973	0	628719	2
14973	0	74706	2
14973	0	79951	2
14986	0	145369	2
14986	0	145370	3
14986	0	168830	0
14986	0	175512	0
14986	0	175513	2
14986	0	175514	0
14986	0	195616	0
14986	0	195617	1
14986	0	195618	0
14986	0	24430	2
14986	0	30532	0
14986	0	30533	2
14986	0	508266	0
14986	0	706604	3
14986	0	706605	2
14986	0	706606	0
14986	0	706607	0
14986	0	706816	0
14986	0	706817	0
14986	0	706818	0
14986	0	706819	2
14986	0	757559	0
14986	0	88826	0
14988	0	24434	0
14988	0	374188	0
14988	0	547245	0
14988	0	550239	0
14988	0	563053	0
14988	0	563054	0
14988	0	563055	2
14988	0	584563	0
14988	0	593727	1
14988	0	650475	0
14988	0	703732	0
14988	0	703733	2
14988	0	703735	0
14988	0	741666	0
14988	0	74728	0
15022	0	159774	3
15022	0	159775	0
15022	0	24491	1
15022	0	24492	0
15022	0	245486	0
15022	0	264682	0
15022	0	296547	0
15022	0	305771	0
15022	0	34135	0
15022	0	388819	0
15022	0	388820	0
15022	0	388821	0
15022	0	388822	0
15022	0	56724	0
15022	0	56725	1
15022	0	56726	2
15022	0	607101	0
15022	0	607102	0
15022	0	637285	0
15022	0	637288	0
15022	0	637290	1
15022	0	697153	0
15022	0	697154	2
15069	0	195771	2
15069	0	195772	0
15069	0	195774	0
15069	0	24573	2
15069	0	30655	0
15069	0	340402	0
15069	0	377393	0
15069	0	377394	0
15069	0	545805	0
15069	0	577849	0
15069	0	628984	0
15069	0	664824	0
15069	0	671238	1
15069	0	671239	1
15069	0	83598	0
15124	0	145617	0
15124	0	204558	0
15124	0	233249	2
15124	0	24657	1
15124	0	461551	1
15124	0	461552	1
15124	0	461553	2
15124	0	501600	1
15124	0	508996	0
15124	0	508997	0
15124	0	509695	1
15124	0	509696	1
15124	0	57434	1
15124	0	57435	0
15124	0	57436	0
15124	0	57437	0
15124	0	57438	0
15124	0	57439	0
15124	0	57440	1
15124	0	57441	0
15124	0	57442	1
15124	0	641757	0
15124	0	711711	0
15124	0	736290	0
15124	0	761752	0
15124	0	761754	0
15124	0	761757	0
15169	0	125099	0
15169	0	198911	2
15169	0	223914	2
15169	0	229906	2
15169	0	229908	1
15169	0	24735	2
15169	0	24736	2
15169	0	276418	0
15169	0	316095	2
15169	0	372180	2
15169	0	389093	3
15169	0	416565	3
15169	0	533152	2
15169	0	89546	2
15169	0	89547	2
15256	0	179350	3
15256	0	226038	1
15256	0	24901	0
15256	0	274199	0
15256	0	464544	0
15256	0	476945	2
15256	0	537675	2
15256	0	537676	0
15256	0	551765	0
15256	0	60977	1
15256	0	60978	2
15256	0	701180	0
15256	0	701181	0
15256	0	704263	2
15256	0	753199	1
15312	0	128114	0
15312	0	1587	0
15312	0	217064	0
15312	0	24993	0
15312	0	28774	0
15312	0	290740	2
15312	0	300264	0
15312	0	421453	0
15312	0	471098	0
15312	0	47641	0
15312	0	606029	2
1532	0	2235	2
1532	0	2236	2
1532	0	312794	0
1532	0	354253	0
1532	0	404671	0
1532	0	404672	2
1532	0	404673	0
1532	0	436713	2
1532	0	436714	0
1532	0	436715	1
1532	0	436717	0
1532	0	436718	0
1532	0	436719	0
1532	0	436720	2
1532	0	484766	2
1532	0	52496	0
1532	0	566182	2
1532	0	607291	2
1532	0	664866	0
1532	0	687359	0
1532	0	731150	1
1532	0	81668	2
15348	0	25074	0
15348	0	33040	1
15348	0	33041	2
15348	0	377601	0
15348	0	427704	0
15348	0	427705	0
15348	0	435281	0
15348	0	435283	1
15348	0	435284	0
15348	0	566413	1
15348	0	616112	2
15348	0	624070	2
15348	0	71171	0
15348	0	756916	2
15348	0	99026	0
15396	0	107431	1
15396	0	164570	0
15396	0	164572	0
15396	0	164574	1
15396	0	164575	1
15396	0	164576	0
15396	0	201217	0
15396	0	201218	2
15396	0	201219	1
15396	0	201220	2
15396	0	221913	1
15396	0	221916	1
15396	0	221925	0
15396	0	25185	2
15396	0	252972	0
15396	0	329995	2
15396	0	334657	2
15396	0	336347	1
15396	0	420680	0
15396	0	480419	2
15396	0	513813	0
15396	0	513814	1
15396	0	513815	1
15396	0	513816	0
15396	0	564009	2
15396	0	598094	2
15396	0	702622	2
15396	0	734472	0
15396	0	734473	0
15396	0	748431	1
15396	0	80405	0
15399	0	113573	0
15399	0	195546	2
15399	0	25188	0
15399	0	25189	0
15399	0	29588	0
15399	0	29589	0
15399	0	370395	0
15399	0	477260	0
15399	0	477261	0
15399	0	508184	0
15399	0	63332	0
15399	0	703633	1
15399	0	74649	0
15399	0	74651	1
15399	0	79898	0
15420	0	113610	3
15420	0	132983	0
15420	0	132984	0
15420	0	150682	0
15420	0	25231	0
15420	0	305785	2
15420	0	325471	0
15420	0	441226	0
15420	0	441227	1
15420	0	490911	2
15420	0	566215	3
15420	0	703667	1
15420	0	703668	0
15420	0	723599	0
15422	0	103249	0
15422	0	108351	0
15422	0	153019	0
15422	0	160221	2
15422	0	164640	0
15422	0	25233	0
15422	0	27552	2
15422	0	27553	0
15422	0	27555	0
15422	0	33757	2
15422	0	437098	0
15422	0	576557	0
15422	0	75486	0
15422	0	75487	0
15491	0	107463	0
15491	0	156867	0
15491	0	206984	0
15491	0	206985	0
15491	0	245122	0
15491	0	25363	0
15491	0	25364	0
15491	0	328437	0
15491	0	328438	0
15491	0	437407	0
15491	0	513847	0
15491	0	519169	0
15491	0	539723	0
15491	0	556424	3
15491	0	58930	0
15491	0	637913	0
15496	0	145126	0
15496	0	145127	0
15496	0	195359	0
15496	0	243174	0
15496	0	25372	2
15496	0	307886	0
15496	0	332586	0
15496	0	452916	0
15496	0	51275	2
15496	0	51277	1
15496	0	51506	0
15496	0	51507	2
15496	0	51508	0
15496	0	51509	0
15496	0	51510	0
15496	0	51511	0
15496	0	621825	0
15496	0	676768	1
15496	0	703402	1
15544	0	111073	2
15544	0	111076	0
15544	0	217528	2
15544	0	232130	0
15544	0	25469	2
15544	0	31278	0
15544	0	402285	0
15544	0	402286	2
15544	0	402288	0
15544	0	471536	2
15544	0	597317	0
15544	0	646842	0
15544	0	749350	2
15544	0	749351	2
15544	0	749352	2
15544	0	749353	2
15544	0	88415	2
15571	0	25512	2
15571	0	25513	0
15571	0	266546	2
15571	0	370515	1
15571	0	509995	0
15571	0	555919	1
15571	0	582763	2
15571	0	582764	1
15571	0	596101	2
15571	0	600476	2
15571	0	669943	1
15571	0	672915	2
15571	0	678191	2
15571	0	753229	2
15571	0	753230	2
15595	0	117609	0
15595	0	117610	2
15595	0	117611	0
15595	0	141302	0
15595	0	191595	0
15595	0	25564	2
15595	0	308436	1
15595	0	480460	0
15595	0	553797	0
15595	0	553798	1
15595	0	615152	0
15595	0	616850	2
15595	0	616852	0
15595	0	653665	0
15595	0	737348	0
15595	0	740514	0
15615	0	197345	0
15615	0	197346	0
15615	0	206041	0
15615	0	206062	0
15615	0	25598	1
15615	0	377032	0
15615	0	407829	0
15615	0	565442	0
15615	0	649838	2
15615	0	649839	0
15615	0	649840	0
15615	0	670647	1
15615	0	677105	2
15615	0	93403	0
15737	0	104844	0
15737	0	195975	0
15737	0	25845	0
15737	0	25846	0
15737	0	25847	0
15737	0	368254	0
15737	0	389338	2
15737	0	428431	2
15737	0	477868	0
15737	0	477869	0
15737	0	508764	0
15737	0	596423	0
15737	0	727641	0
15743	0	10596	0
15743	0	221490	0
15743	0	25855	0
15743	0	393795	0
15743	0	433128	0
15743	0	487435	0
15743	0	520679	1
15743	0	569862	2
15743	0	675302	0
15743	0	689181	0
15743	0	689182	0
15743	0	69729	0
15747	0	146879	0
15747	0	146880	1
15747	0	25863	2
15747	0	426342	0
15747	0	508812	0
15747	0	615976	2
15747	0	639609	0
15747	0	646750	0
15747	0	674771	0
15747	0	676909	0
15747	0	704316	0
15747	0	723232	0
15747	0	737488	0
15747	0	737489	0
15747	0	737490	0
15747	0	737493	2
15747	0	737494	0
15753	0	107555	2
15753	0	150629	2
15753	0	150630	2
15753	0	25870	0
15753	0	25873	2
15753	0	275401	2
15753	0	325564	2
15753	0	420866	0
15753	0	446495	0
15753	0	446496	2
15753	0	446497	2
15753	0	513933	2
15753	0	513934	0
15753	0	513937	3
15753	0	589096	2
15753	0	589097	2
15753	0	635002	2
15753	0	709885	2
15773	0	238640	1
15773	0	25909	2
15773	0	270693	3
15773	0	293372	2
15773	0	354981	2
15773	0	392419	2
15773	0	392420	2
15773	0	475062	2
15773	0	668359	1
15773	0	701464	3
15773	0	702396	1
15773	0	702400	2
15789	0	25940	0
15789	0	266636	1
15789	0	267898	0
15789	0	280446	0
15789	0	355905	1
15789	0	373391	0
15789	0	483069	3
15789	0	559303	1
15789	0	596515	2
15789	0	97823	2
15790	0	138050	0
15790	0	138051	2
15790	0	259251	2
15790	0	259252	2
15790	0	25941	2
15790	0	25942	2
15790	0	428553	0
15790	0	443599	0
15790	0	451425	2
15790	0	477992	3
15790	0	477993	2
15790	0	570171	2
15790	0	570172	1
15790	0	619434	2
15790	0	704385	0
15790	0	704386	2
15790	0	88149	0
15790	0	88150	0
15790	0	88151	1
15790	0	88152	0
15798	0	162324	0
15798	0	162325	0
15798	0	25954	0
15798	0	265237	1
15798	0	265515	0
15798	0	297623	1
15798	0	315440	1
15798	0	443618	1
15798	0	443619	2
15798	0	443620	0
15798	0	53469	1
15798	0	53470	0
15798	0	575144	0
15798	0	93493	2
1581	0	128849	0
1581	0	164076	0
1581	0	194290	1
1581	0	2310	2
1581	0	2311	0
1581	0	2516	0
1581	0	366605	0
1581	0	4110	0
1581	0	529832	0
1581	0	578737	3
1581	0	625689	0
15819	0	116913	2
15819	0	146987	2
15819	0	165076	2
15819	0	197175	2
15819	0	197176	1
15819	0	224707	0
15819	0	229843	2
15819	0	229844	3
15819	0	26005	1
15819	0	402298	1
15819	0	427883	1
15819	0	704481	3
15835	0	155652	0
15835	0	26042	0
15835	0	26043	2
15835	0	267553	0
15835	0	3001	0
15835	0	362431	2
15835	0	429937	1
15835	0	460463	2
15835	0	460464	2
15835	0	489872	0
15835	0	551736	0
15835	0	648808	2
15835	0	663706	1
15835	0	665706	1
15835	0	715752	1
15835	0	80745	2
15866	0	109556	2
15866	0	109557	0
15866	0	226050	0
15866	0	26117	2
15866	0	269620	2
15866	0	277834	1
15866	0	298603	3
15866	0	473137	2
15866	0	671863	0
15866	0	671864	0
15866	0	671866	0
15866	0	671867	0
15866	0	671868	0
15866	0	671869	0
15866	0	750962	2
15866	0	77453	2
15866	0	77832	2
15876	0	191240	3
15876	0	197286	2
15876	0	209940	2
15876	0	222579	2
15876	0	26135	0
15876	0	29425	0
15876	0	312667	2
15876	0	382305	0
15876	0	690436	0
15876	0	740927	2
15953	0	115114	2
15953	0	115115	3
15953	0	115116	2
15953	0	123543	0
15953	0	232527	2
15953	0	26279	2
15953	0	26280	2
15953	0	310761	0
15953	0	310762	2
15953	0	310763	3
15953	0	310764	1
15953	0	310768	1
15953	0	310769	2
15953	0	316933	3
15953	0	331798	0
15953	0	331800	0
15953	0	40813	3
15953	0	40814	2
15953	0	478851	2
15953	0	58549	2
15953	0	596796	2
15953	0	657945	0
15953	0	713806	3
15953	0	713807	1
15997	0	143353	2
15997	0	175724	0
15997	0	26364	0
15997	0	265423	0
15997	0	368747	0
15997	0	368748	2
15997	0	452867	2
15997	0	517760	2
15997	0	54762	0
15997	0	645389	0
15997	0	671425	2
15997	0	701045	2
16012	0	109433	0
16012	0	218442	2
16012	0	230574	0
16012	0	230575	2
16012	0	230576	0
16012	0	26397	1
16012	0	370772	1
16012	0	38915	0
16012	0	472452	0
16012	0	510112	0
16012	0	645057	0
16012	0	699478	0
16014	0	198254	0
16014	0	225132	0
16014	0	26401	2
16014	0	303266	1
16014	0	303267	0
16014	0	303268	0
16014	0	303269	0
16014	0	303540	1
16014	0	324013	0
16014	0	324021	2
16014	0	353903	1
16014	0	353904	0
16014	0	391484	2
16014	0	494855	0
16014	0	670883	1
16014	0	737350	1
16021	0	218553	0
16021	0	223600	0
16021	0	26419	0
16021	0	268953	0
16021	0	269035	0
16021	0	390816	0
16021	0	510802	0
16021	0	559685	0
16021	0	596912	2
16021	0	596913	2
16021	0	633131	0
16021	0	672227	0
16021	0	678977	0
16021	0	678978	0
16021	0	678979	0
16021	0	678980	0
16028	0	108606	0
16028	0	147414	1
16028	0	197540	3
16028	0	203509	0
16028	0	26428	0
16028	0	428980	0
16028	0	478442	1
16028	0	596973	2
16028	0	596974	1
16028	0	596975	0
16028	0	596976	2
16028	0	607318	0
16028	0	634736	1
16034	0	114757	0
16034	0	114758	0
16034	0	122146	2
16034	0	154344	0
16034	0	166403	0
16034	0	166408	1
16034	0	166411	0
16034	0	166418	0
16034	0	166423	0
16034	0	166426	0
16034	0	189978	0
16034	0	197548	0
16034	0	26441	0
16034	0	314479	0
16034	0	498572	0
16034	0	558303	0
16034	0	596935	0
16034	0	596936	0
16034	0	596937	0
16034	0	596940	0
16034	0	596941	0
16034	0	661880	0
16034	0	661883	0
16034	0	661884	0
16034	0	661886	1
16034	0	745204	0
16083	0	114836	2
16083	0	153678	0
16083	0	171781	0
16083	0	204455	1
16083	0	204456	0
16083	0	247882	2
16083	0	26532	0
16083	0	26533	0
16083	0	280239	0
16083	0	284233	0
16083	0	346330	1
16083	0	397448	2
16083	0	402051	0
16083	0	402052	0
16158	0	115498	2
16158	0	165695	2
16158	0	255165	1
16158	0	26667	0
16158	0	427554	0
16158	0	429168	0
16158	0	63051	2
16158	0	63052	1
16158	0	648617	0
16158	0	653494	0
16158	0	736556	0
16178	0	26714	2
16178	0	307295	0
16178	0	322176	2
16178	0	41025	2
16178	0	478491	2
16178	0	492873	2
16178	0	585447	2
16178	0	685625	3
16178	0	705085	0
16178	0	705086	0
16178	0	705087	1
16178	0	91346	3
16257	0	167364	2
16257	0	248679	0
16257	0	255593	2
16257	0	26841	2
16257	0	333677	0
16257	0	510495	0
16257	0	553358	0
16257	0	577872	2
16257	0	84417	1
16257	0	90648	2
16285	0	202521	1
16285	0	252820	0
16285	0	26891	2
16285	0	274618	2
16285	0	3005	0
16285	0	410037	2
16285	0	483286	0
16285	0	483287	1
16285	0	5639	0
16285	0	569852	0
16285	0	569853	0
16285	0	75572	0
16285	0	75573	0
16338	0	165340	0
16338	0	171474	0
16338	0	187505	0
16338	0	198618	0
16338	0	248818	2
16338	0	263191	0
16338	0	26984	0
16338	0	26985	0
16338	0	26986	1
16338	0	286819	0
16338	0	337080	0
16338	0	365200	2
16338	0	542639	0
16338	0	597266	0
16338	0	597267	0
16338	0	646825	2
16338	0	646826	0
16338	0	646827	1
16338	0	646828	0
16338	0	646829	0
16354	0	192945	0
16354	0	27010	0
16354	0	313269	1
16354	0	364089	0
16354	0	364090	1
16354	0	386203	0
16354	0	402317	0
16354	0	505688	2
16354	0	590717	0
16354	0	590718	0
16358	0	19474	0
16358	0	219068	1
16358	0	302209	0
16358	0	370417	2
16358	0	370418	0
16358	0	370419	0
16358	0	408360	2
16358	0	439876	3
16358	0	528532	1
16358	0	596740	0
16358	0	623158	0
16358	0	623159	0
16358	0	700127	0
16371	0	155186	0
16371	0	2516	0
16371	0	27047	2
16371	0	27221	3
16371	0	359101	2
16371	0	386507	2
16371	0	391577	1
16371	0	517611	3
16371	0	667569	0
16371	0	77388	0
16382	0	135995	0
16382	0	238478	0
16382	0	238479	0
16382	0	27062	0
16382	0	302122	2
16382	0	307737	0
16382	0	370609	0
16382	0	372617	0
16382	0	372618	0
16382	0	618118	0
16382	0	667591	0
16382	0	713213	0
16384	0	155912	0
16384	0	185506	0
16384	0	236203	0
16384	0	26106	0
16384	0	27064	0
16384	0	274734	0
16384	0	358162	2
16384	0	408555	0
16384	0	490011	2
16384	0	673466	0
16384	0	673467	0
16384	0	673468	0
16384	0	678652	2
16384	0	678653	0
16384	0	678654	0
16384	0	72817	0
16403	0	198232	0
16403	0	257494	0
16403	0	266929	0
16403	0	266930	2
16403	0	266931	0
16403	0	266932	0
16403	0	27090	2
16403	0	344957	2
16403	0	419325	0
16403	0	479102	0
16403	0	535004	2
16403	0	597669	0
16403	0	682204	0
16408	0	114582	3
16408	0	164650	0
16408	0	164651	1
16408	0	164652	0
16408	0	164653	0
16408	0	2625	0
16408	0	27102	0
16408	0	27103	2
16408	0	308443	2
16408	0	479076	3
16408	0	484256	1
16408	0	56720	0
16408	0	613801	0
16408	0	667636	0
16408	0	755602	0
16419	0	128567	2
16419	0	201936	0
16419	0	201938	2
16419	0	27119	0
16419	0	32162	1
16419	0	392687	0
16419	0	392688	0
16419	0	392689	0
16419	0	392690	1
16419	0	446350	1
16419	0	53149	0
16419	0	53153	0
16419	0	590886	0
16419	0	592980	1
16419	0	592981	1
16419	0	592982	2
16419	0	623265	2
16419	0	623267	0
16419	0	642475	0
16419	0	672753	2
16419	0	79481	2
16434	0	263340	2
16434	0	27137	2
16434	0	313669	0
16434	0	313670	0
16434	0	313671	0
16434	0	313672	0
16434	0	352149	0
16434	0	451346	2
16434	0	482993	0
16434	0	541718	0
16434	0	613637	2
16434	0	671641	2
16434	0	671642	0
16434	0	760992	0
1645	0	123480	0
1645	0	171549	0
1645	0	173744	3
1645	0	2409	2
1645	0	290059	2
1645	0	293078	3
1645	0	343288	0
1645	0	376662	3
1645	0	463851	2
1645	0	486456	2
16466	0	110279	0
16466	0	157130	0
16466	0	198190	1
16466	0	243516	0
16466	0	249155	2
16466	0	27192	0
16466	0	316047	0
16466	0	317408	1
16466	0	435835	0
16466	0	435836	0
16466	0	604004	0
16466	0	667742	0
16466	0	667743	0
16466	0	72446	0
16468	0	161692	3
16468	0	211901	0
16468	0	27196	2
16468	0	369154	0
16468	0	369155	0
16468	0	405602	0
16468	0	418837	1
16468	0	515660	2
16468	0	55168	1
16468	0	55169	2
16468	0	693063	1
16468	0	71446	1
16468	0	71509	1
16468	0	743600	0
16473	0	158583	0
16473	0	258151	0
16473	0	27208	1
16473	0	346949	1
16473	0	379647	0
16473	0	477448	0
16473	0	568474	0
16473	0	568475	0
16473	0	624103	0
16473	0	665952	0
16473	0	749263	0
16482	0	219260	0
16482	0	27223	0
16482	0	340846	0
16482	0	36955	0
16482	0	391586	0
16482	0	51866	0
16482	0	529878	1
16482	0	645612	0
16482	0	87133	0
16515	0	141455	1
16515	0	200051	1
16515	0	216843	0
16515	0	27295	2
16515	0	372206	1
16515	0	423000	0
16515	0	423001	2
16515	0	423002	1
16515	0	429157	2
16515	0	462314	0
16515	0	591279	1
16515	0	615087	0
16515	0	615088	2
16515	0	615089	0
16515	0	615091	3
16515	0	635855	0
16515	0	643433	1
16515	0	742256	0
16548	0	100020	0
16548	0	27366	0
16548	0	321943	2
16548	0	375062	0
16548	0	397660	0
16548	0	402928	0
16548	0	404316	0
16548	0	586179	0
16548	0	591331	0
16548	0	631584	0
16587	0	110510	0
16587	0	160625	2
16587	0	198585	0
16587	0	198586	2
16587	0	266226	3
16587	0	27451	0
16587	0	281928	3
16587	0	376053	2
16587	0	44135	2
16587	0	609742	3
16587	0	82675	2
16595	0	150952	0
16595	0	166543	0
16595	0	252453	1
16595	0	27467	3
16595	0	479244	0
16595	0	550626	0
16595	0	550628	0
16595	0	550629	0
16595	0	598041	1
16595	0	598042	0
16595	0	601634	0
16595	0	634149	2
16595	0	693747	2
16595	0	705890	0
16595	0	840	0
16614	0	132055	0
16614	0	132056	0
16614	0	132057	0
16614	0	132058	0
16614	0	132059	0
16614	0	132060	0
16614	0	188228	0
16614	0	188229	0
16614	0	188232	0
16614	0	188233	0
16614	0	188234	0
16614	0	188235	0
16614	0	188236	0
16614	0	188237	1
16614	0	188238	0
16614	0	188239	1
16614	0	209231	2
16614	0	209232	2
16614	0	27510	1
16614	0	360374	3
16614	0	402496	2
16614	0	521380	2
16614	0	521381	0
16614	0	642387	0
16614	0	657808	0
16614	0	657809	0
16614	0	657810	0
16614	0	719032	0
16614	0	719033	2
16614	0	752188	1
16614	0	752189	1
16614	0	752190	3
16614	0	88384	1
16621	0	157360	2
16621	0	158605	1
16621	0	231712	1
16621	0	231713	1
16621	0	27519	3
16621	0	287569	3
16621	0	33032	1
16621	0	516431	2
16621	0	516432	2
16621	0	540622	3
16621	0	540625	2
16621	0	587846	2
16621	0	652508	0
16621	0	652509	1
16621	0	683927	0
16621	0	724645	1
16636	0	199440	0
16636	0	249642	0
16636	0	249643	0
16636	0	27540	1
16636	0	395291	0
16636	0	401054	0
16636	0	537896	0
16636	0	55187	0
16636	0	576957	0
16636	0	72770	0
16636	0	78639	0
1664	0	173775	0
1664	0	173776	0
1664	0	2433	0
1664	0	245730	0
1664	0	335162	2
1664	0	335163	0
1664	0	366724	0
1664	0	386052	1
1664	0	486444	0
1664	0	52878	0
1664	0	535552	0
16645	0	133178	0
16645	0	230677	1
16645	0	27556	0
16645	0	27557	0
16645	0	356078	2
16645	0	356079	0
16645	0	435052	2
16645	0	484695	0
16645	0	484696	3
16645	0	508087	0
16645	0	521981	0
16645	0	614604	0
16645	0	711104	0
16663	0	12507	0
16663	0	153663	2
16663	0	209410	1
16663	0	228406	1
16663	0	230251	0
16663	0	27588	0
16663	0	402641	1
16663	0	434265	0
16663	0	521546	0
16663	0	521547	1
16663	0	521548	0
16663	0	521549	0
16663	0	553344	2
16663	0	743776	0
16663	0	88573	1
16663	0	88575	0
16663	0	88576	1
1667	0	144409	0
1667	0	170341	1
1667	0	170343	2
1667	0	170345	0
1667	0	194629	1
1667	0	194630	0
1667	0	2437	1
1667	0	2438	0
1667	0	297538	0
1667	0	347899	0
1667	0	347900	1
1667	0	462309	2
1667	0	507314	0
1667	0	507315	0
1667	0	507317	1
1667	0	507318	1
1667	0	630452	0
1667	0	643476	2
1667	0	643477	1
1667	0	746869	1
16672	0	110664	0
16672	0	110665	2
16672	0	202554	3
16672	0	27610	2
16672	0	312218	2
16672	0	341876	2
16672	0	392652	2
16672	0	395892	2
16672	0	395893	2
16672	0	482255	3
16672	0	511944	2
16672	0	531469	2
16704	0	157038	0
16704	0	27664	1
16704	0	329945	3
16704	0	388500	2
16704	0	494307	2
16704	0	500501	1
16704	0	689699	2
16704	0	726791	2
16704	0	740211	2
16704	0	759484	2
16729	0	137807	0
16729	0	164174	1
16729	0	196974	0
16729	0	27701	0
16729	0	285700	0
16729	0	314924	0
16729	0	477077	2
16729	0	477078	0
16729	0	477079	0
16729	0	739376	1
16729	0	755075	0
16729	0	7849	0
16743	0	160034	2
16743	0	184283	2
16743	0	219746	2
16743	0	219747	2
16743	0	231597	1
16743	0	231598	0
16743	0	27730	2
16743	0	386903	1
16743	0	403950	0
16743	0	469957	0
16743	0	469960	0
16743	0	592280	2
16743	0	625037	2
16753	0	201783	0
16753	0	209102	2
16753	0	218063	2
16753	0	218065	2
16753	0	218066	2
16753	0	27746	1
16753	0	281794	0
16753	0	281796	2
16753	0	281797	1
16753	0	3005	0
16753	0	323210	0
16753	0	445486	2
16753	0	514235	2
16753	0	540471	2
16753	0	602890	3
16753	0	606308	0
16753	0	606309	0
16753	0	606311	1
16753	0	695753	2
16753	0	695754	2
16785	0	151073	1
16785	0	151074	0
16785	0	219848	1
16785	0	219850	0
16785	0	239391	1
16785	0	27822	0
16785	0	27823	2
16785	0	27824	1
16785	0	278990	0
16785	0	327844	0
16785	0	432433	1
16785	0	481985	2
16785	0	506531	0
16785	0	54788	0
16785	0	551226	0
16785	0	695124	1
16798	0	118669	0
16798	0	118670	3
16798	0	148892	0
16798	0	148893	3
16798	0	148894	1
16798	0	199028	2
16798	0	199029	0
16798	0	199030	0
16798	0	207470	1
16798	0	257791	1
16798	0	257792	2
16798	0	27847	1
16798	0	314318	3
16798	0	352859	1
16798	0	403380	2
16798	0	403381	0
16798	0	522092	0
16798	0	568806	1
16799	0	233937	0
16799	0	257179	0
16799	0	27849	1
16799	0	27850	0
16799	0	284642	0
16799	0	426729	0
16799	0	479760	0
16799	0	521634	0
16799	0	521639	0
16799	0	545536	2
16799	0	594747	0
16799	0	594748	0
16799	0	594749	0
16799	0	594751	0
16799	0	594752	2
16799	0	594753	0
16799	0	594755	0
16799	0	655989	0
16799	0	668336	0
16799	0	668337	2
16828	0	135496	1
16828	0	27902	2
16828	0	292932	0
16828	0	392987	0
16828	0	442261	2
16828	0	442262	0
16828	0	55696	0
16828	0	561183	0
16828	0	735023	0
16828	0	751733	2
16828	0	78274	2
16883	0	179657	0
16883	0	201937	2
16883	0	220002	0
16883	0	28019	2
16883	0	30033	2
16883	0	359919	0
16883	0	479739	2
16883	0	563166	2
16883	0	600553	0
16883	0	668489	2
16883	0	723877	2
16886	0	265924	0
16886	0	28024	0
16886	0	424010	1
16886	0	456459	0
16886	0	506693	0
16886	0	54971	0
16886	0	626675	1
16886	0	682801	0
16886	0	695324	0
16886	0	733203	0
16895	0	112134	0
16895	0	208434	2
16895	0	208435	1
16895	0	258208	2
16895	0	258678	1
16895	0	28048	1
16895	0	316327	3
16895	0	367196	0
16895	0	367198	1
16895	0	483928	3
16895	0	484618	0
16895	0	537669	0
16895	0	66222	0
16895	0	662391	0
16895	0	667932	0
16895	0	729006	0
16926	0	227645	2
16926	0	251988	3
16926	0	271377	2
16926	0	271378	0
16926	0	28123	2
16926	0	28124	0
16926	0	328919	0
16926	0	328920	0
16926	0	349437	1
16926	0	470172	0
16926	0	470173	2
16926	0	519436	2
16926	0	559827	0
16926	0	559831	2
16926	0	625746	2
1693	0	2468	2
1693	0	264963	0
1693	0	325610	3
1693	0	325611	2
1693	0	374255	0
1693	0	42362	0
1693	0	44397	0
1693	0	60197	2
1693	0	682673	2
1693	0	756159	0
1693	0	92733	3
1693	0	9930	0
16962	0	181292	3
16962	0	235990	0
16962	0	28190	2
16962	0	285667	2
16962	0	347922	1
16962	0	357941	0
16962	0	408164	3
16962	0	430633	0
16962	0	527196	2
16962	0	716560	0
16962	0	716561	0
16962	0	739856	1
16975	0	139513	1
16975	0	139515	1
16975	0	139516	2
16975	0	28214	3
16975	0	319842	0
16975	0	394843	0
16975	0	509160	0
16975	0	509161	2
16975	0	511796	2
16975	0	514183	3
16975	0	514184	1
16975	0	553218	0
16975	0	57421	0
16975	0	697802	0
16975	0	697803	0
16997	0	111583	0
16997	0	199416	0
16997	0	199417	2
16997	0	252841	0
16997	0	252845	2
16997	0	252848	3
16997	0	28247	2
16997	0	308811	0
16997	0	308812	0
16997	0	313948	3
16997	0	314433	2
16997	0	392551	2
16997	0	392553	0
16997	0	407988	2
16997	0	425371	2
16997	0	52169	0
16997	0	98900	3
17039	0	201667	2
17039	0	230366	2
17039	0	28327	2
17039	0	308577	3
17039	0	33366	2
17039	0	429706	2
17039	0	435204	0
17039	0	479192	2
17039	0	660827	1
17039	0	706408	0
17039	0	706409	1
17039	0	706411	0
17039	0	706412	0
17039	0	706413	0
17039	0	97446	2
17043	0	195475	0
17043	0	257288	1
17043	0	281554	3
17043	0	28331	0
17043	0	361129	2
17043	0	361130	2
17043	0	361131	2
17043	0	498939	2
17043	0	508068	0
17043	0	508069	1
17043	0	508070	0
17043	0	530205	1
17043	0	556910	2
17043	0	617314	0
17094	0	139672	2
17094	0	139673	0
17094	0	28412	0
17094	0	342136	0
17094	0	362898	0
17094	0	421284	2
17094	0	421285	0
17094	0	430838	0
17094	0	430839	0
17094	0	480345	1
17094	0	512218	0
17094	0	730292	0
17094	0	89856	0
17106	0	137407	0
17106	0	148570	0
17106	0	180691	0
17106	0	220395	3
17106	0	242121	2
17106	0	28443	0
17106	0	341994	0
17106	0	392773	0
17106	0	429972	0
17106	0	429973	2
17106	0	739228	0
17106	0	739229	0
17116	0	269956	0
17116	0	28459	2
17116	0	300458	2
17116	0	300459	2
17116	0	300460	0
17116	0	300461	1
17116	0	300462	2
17116	0	350864	1
17116	0	419040	0
17116	0	538052	2
17116	0	587219	2
17116	0	619513	2
17116	0	637205	2
17116	0	637206	2
17116	0	637207	2
17116	0	637208	1
17116	0	637209	2
17116	0	637210	0
17116	0	637211	3
17116	0	668985	1
17116	0	96486	3
17151	0	256892	1
17151	0	256893	2
17151	0	28518	2
17151	0	322278	2
17151	0	400061	3
17151	0	401805	2
17151	0	41848	3
17151	0	41849	0
17151	0	41850	1
17151	0	449179	0
17151	0	48742	0
17151	0	567969	1
17151	0	567970	0
17151	0	617203	0
17151	0	617204	0
17151	0	68612	2
17151	0	68613	2
17151	0	737763	2
17162	0	11306	0
17162	0	247369	0
17162	0	28536	0
17162	0	28537	0
17162	0	285858	0
17162	0	309882	1
17162	0	402664	0
17162	0	430928	0
17162	0	63549	0
17162	0	683074	1
17162	0	683075	0
17162	0	750552	1
17162	0	754827	1
172	0	113048	2
172	0	178784	0
172	0	18841	1
172	0	243	0
172	0	244	0
172	0	245	0
172	0	435512	1
172	0	485111	0
172	0	485112	0
172	0	485115	0
172	0	485116	0
172	0	485117	2
172	0	487349	0
172	0	487356	1
172	0	534213	0
172	0	534214	0
172	0	534215	0
172	0	534216	2
172	0	571568	1
172	0	571569	2
172	0	571570	0
172	0	622351	1
172	0	647994	0
172	0	647995	1
172	0	647996	2
172	0	659404	0
172	0	748684	0
17216	0	138418	0
17216	0	171209	1
17216	0	176592	1
17216	0	197475	0
17216	0	199782	0
17216	0	28632	0
17216	0	28633	0
17216	0	28634	1
17216	0	28635	0
17216	0	28637	0
17216	0	380304	2
17216	0	392970	2
17216	0	538964	3
17216	0	663788	0
17216	0	78990	0
17216	0	78991	2
17220	0	136512	0
17220	0	257749	1
17220	0	28654	0
17220	0	28655	2
17220	0	28656	0
17220	0	308168	0
17220	0	419954	1
17220	0	507286	2
17220	0	507287	1
17220	0	586376	3
17220	0	625858	0
17220	0	670748	2
17220	0	731484	1
17220	0	91051	0
17237	0	226082	2
17237	0	226083	0
17237	0	226084	0
17237	0	276658	1
17237	0	28693	2
17237	0	380920	0
17237	0	430359	0
17237	0	522963	0
17237	0	543241	2
17237	0	543242	0
17237	0	54481	0
17237	0	54482	0
17237	0	599799	2
17237	0	662343	0
17237	0	662344	2
17243	0	188494	2
17243	0	188495	0
17243	0	188496	1
17243	0	188497	2
17243	0	192618	0
17243	0	220653	0
17243	0	28705	2
17243	0	28706	3
17243	0	377659	2
17243	0	393559	3
17243	0	427384	1
17243	0	554832	0
17243	0	576697	2
17243	0	605876	0
17243	0	724319	0
17243	0	724320	2
17243	0	740178	1
17255	0	127784	0
17255	0	188378	0
17255	0	225728	2
17255	0	284082	1
17255	0	28724	0
17255	0	33861	0
17255	0	392992	0
17255	0	392993	1
17255	0	485514	2
17255	0	506436	0
17255	0	619028	1
17255	0	84711	1
17255	0	84714	1
17269	0	246515	1
17269	0	28748	0
17269	0	418404	1
17269	0	418405	0
17269	0	418406	0
17269	0	450226	0
17269	0	470829	0
17269	0	520191	0
17269	0	520193	1
17269	0	520194	0
17269	0	594252	2
17269	0	633039	0
17269	0	727257	3
17269	0	74918	1
17269	0	74919	0
17285	0	188528	0
17285	0	216414	0
17285	0	230395	1
17285	0	281027	0
17285	0	281028	0
17285	0	281029	0
17285	0	281030	1
17285	0	281031	0
17285	0	281032	0
17285	0	28783	1
17285	0	310151	1
17285	0	558043	1
17285	0	605944	1
17285	0	607230	2
17285	0	628811	0
1730	0	111985	1
1730	0	121892	0
1730	0	173230	2
1730	0	2516	0
1730	0	29001	2
1730	0	348305	0
1730	0	44405	0
1730	0	501638	1
1730	0	674935	2
1730	0	71839	2
1730	0	725516	0
1730	0	77177	1
1730	0	77178	1
17344	0	117223	1
17344	0	128153	0
17344	0	217260	1
17344	0	28905	1
17344	0	473427	0
17344	0	507512	0
17344	0	529239	0
17344	0	529240	0
17344	0	556338	0
17344	0	574009	0
17344	0	665780	0
17349	0	179063	2
17349	0	231150	0
17349	0	253981	1
17349	0	253982	1
17349	0	253983	1
17349	0	28911	0
17349	0	407895	2
17349	0	457270	0
17349	0	489485	0
17349	0	536230	2
17349	0	538587	0
17349	0	550982	0
17349	0	575867	0
17349	0	575868	1
17349	0	594377	2
17349	0	594389	0
17349	0	678223	1
17349	0	692332	2
17349	0	70507	0
17358	0	117810	2
17358	0	235789	2
17358	0	259090	0
17358	0	259091	0
17358	0	28929	0
17358	0	28931	0
17358	0	28932	0
17358	0	310063	0
17358	0	310064	0
17358	0	327365	0
17358	0	402706	0
17358	0	499132	0
17358	0	538493	1
17358	0	542715	0
17358	0	542716	0
17358	0	665317	0
17374	0	169380	0
17374	0	190431	0
17374	0	283503	2
17374	0	28950	2
17374	0	34203	2
17374	0	363138	3
17374	0	450658	1
17374	0	599432	2
17374	0	604602	0
17374	0	639146	0
17378	0	204467	0
17378	0	204468	0
17378	0	204469	0
17378	0	204470	2
17378	0	220896	1
17378	0	220898	1
17378	0	220900	2
17378	0	220901	2
17378	0	220902	1
17378	0	220903	2
17378	0	269736	2
17378	0	269737	1
17378	0	28956	2
17378	0	28957	0
17378	0	290075	2
17378	0	314908	1
17378	0	389889	2
17378	0	447967	2
17378	0	447968	0
17378	0	447969	1
17378	0	557726	1
17378	0	557729	2
17378	0	636499	0
17378	0	636500	2
17378	0	667748	0
17378	0	686757	0
17378	0	702055	2
17378	0	717906	2
17378	0	77587	2
17378	0	77588	3
17387	0	143585	1
17387	0	181797	0
17387	0	200113	0
17387	0	28974	0
17387	0	28975	2
17387	0	406053	0
17387	0	456886	2
17387	0	480865	2
17387	0	558894	1
17387	0	599496	1
17387	0	631403	2
17402	0	210110	1
17402	0	210116	0
17402	0	29027	0
17402	0	29028	0
17402	0	29029	1
17402	0	35238	0
17402	0	35240	0
17402	0	35243	0
17402	0	357560	0
17402	0	400133	2
17402	0	477598	0
17402	0	512623	1
17402	0	626184	0
17402	0	666063	0
17402	0	76595	1
17402	0	76596	0
17402	0	76597	0
17402	0	76598	1
17402	0	79968	0
17402	0	79975	1
17404	0	130935	0
17404	0	150041	0
17404	0	169281	0
17404	0	220063	0
17404	0	29031	0
17404	0	29032	1
17404	0	342556	3
17404	0	700402	2
17404	0	700642	0
17404	0	740692	0
17404	0	751146	3
17405	0	182045	0
17405	0	200241	0
17405	0	220960	0
17405	0	253216	2
17405	0	283674	2
17405	0	29033	0
17405	0	367564	2
17405	0	400539	2
17405	0	425519	0
17405	0	425520	0
17405	0	581282	0
17405	0	681636	0
17423	0	176160	2
17423	0	176161	1
17423	0	188871	2
17423	0	209272	1
17423	0	241947	1
17423	0	241948	2
17423	0	287430	2
17423	0	29072	2
17423	0	292664	1
17423	0	413990	1
17423	0	575890	2
17423	0	8870	0
17444	0	110225	0
17444	0	160348	2
17444	0	243090	1
17444	0	29115	1
17444	0	443220	2
17444	0	611296	3
17444	0	619190	0
17444	0	668618	0
17444	0	706415	0
17444	0	752931	0
17444	0	756364	1
17457	0	148735	2
17457	0	221250	3
17457	0	29140	0
17457	0	29348	0
17457	0	29349	2
17457	0	361239	3
17457	0	426072	0
17457	0	591465	1
17457	0	619643	1
17457	0	750633	0
17457	0	99021	0
17476	0	112152	2
17476	0	157207	0
17476	0	29163	1
17476	0	349758	0
17476	0	413594	2
17476	0	670256	1
17476	0	702268	1
17476	0	709981	0
17476	0	752984	0
17478	0	132317	2
17478	0	146342	3
17478	0	167963	2
17478	0	167964	0
17478	0	167965	0
17478	0	167966	1
17478	0	244761	2
17478	0	247483	3
17478	0	29168	2
17478	0	298093	2
17478	0	298094	0
17478	0	477607	3
17478	0	477609	0
17478	0	654630	2
17478	0	686789	2
17478	0	728441	3
17497	0	110327	0
17497	0	110511	0
17497	0	195935	0
17497	0	213371	0
17497	0	216795	0
17497	0	216797	0
17497	0	216802	0
17497	0	216803	0
17497	0	235710	0
17497	0	235711	0
17497	0	235712	0
17497	0	235713	0
17497	0	268459	0
17497	0	268712	0
17497	0	29201	0
17497	0	29202	0
17497	0	344998	0
17497	0	344999	0
17497	0	345000	0
17497	0	345001	0
17497	0	345002	0
17497	0	345003	0
17497	0	345004	0
17497	0	345005	0
17497	0	345007	0
17497	0	357696	0
17497	0	375902	0
17497	0	381029	0
17497	0	381030	0
17497	0	381035	0
17497	0	381036	0
17497	0	381038	0
17497	0	381039	0
17497	0	381041	0
17497	0	381042	0
17497	0	407901	2
17497	0	416078	0
17497	0	416079	0
17497	0	416080	0
17497	0	416081	0
17497	0	416082	0
17497	0	416083	0
17497	0	416084	0
17497	0	416085	0
17497	0	416087	0
17497	0	429864	0
17497	0	441189	1
17497	0	481102	0
17497	0	481104	0
17497	0	481105	0
17497	0	481106	0
17497	0	481107	0
17497	0	481108	0
17497	0	481109	0
17497	0	495618	0
17497	0	495619	0
17497	0	534456	0
17497	0	571774	0
17497	0	589714	0
17497	0	589749	0
17497	0	638880	0
17497	0	638910	0
17497	0	669748	2
17497	0	669749	0
17497	0	670296	0
17497	0	670299	0
17497	0	670300	0
17497	0	684125	0
17497	0	705453	0
17497	0	705454	0
17497	0	705456	0
17497	0	705457	0
17497	0	705458	0
17497	0	705459	0
17497	0	705460	0
17497	0	705461	0
17497	0	705462	0
17497	0	741403	0
17497	0	741404	0
17497	0	741405	0
17497	0	741406	0
17497	0	741407	0
17497	0	79526	0
17497	0	79527	0
17503	0	125524	0
17503	0	164176	1
17503	0	174501	0
17503	0	174504	0
17503	0	174512	0
17503	0	219602	0
17503	0	232321	1
17503	0	282976	1
17503	0	29208	0
17503	0	29211	0
17503	0	369250	0
17503	0	369251	0
17503	0	418942	0
17503	0	418943	1
17503	0	418944	0
17503	0	418945	1
17503	0	466524	1
17503	0	69834	0
17503	0	734007	0
17503	0	79531	0
17504	0	107168	0
17504	0	221143	2
17504	0	263621	0
17504	0	29209	1
17504	0	299275	3
17504	0	299276	2
17504	0	337554	2
17504	0	337555	0
17504	0	388364	0
17504	0	388366	3
17504	0	388367	2
17504	0	501826	0
17504	0	624495	0
17504	0	711825	1
17504	0	718491	0
17519	0	221124	0
17519	0	221125	0
17519	0	29237	2
17519	0	324557	1
17519	0	375472	0
17519	0	393461	2
17519	0	601758	0
17519	0	620263	0
17519	0	620264	0
17519	0	620265	0
17519	0	62316	0
17519	0	651845	0
17519	0	651846	0
17519	0	683737	1
17537	0	29269	0
17537	0	29272	2
17537	0	347878	2
17537	0	354140	2
17537	0	445028	0
17537	0	471949	3
17537	0	482659	1
17537	0	514487	0
17537	0	516417	0
17537	0	517650	1
17537	0	548646	1
17537	0	569169	1
17537	0	586703	1
17537	0	671231	3
17547	0	131638	2
17547	0	162158	1
17547	0	261127	1
17547	0	29291	0
17547	0	344418	0
17547	0	344419	1
17547	0	344420	1
17547	0	363154	2
17547	0	431960	2
17547	0	518517	0
17547	0	581562	1
17547	0	701307	0
17547	0	74286	0
17556	0	170642	0
17556	0	170643	2
17556	0	235294	2
17556	0	253663	0
17556	0	29305	1
17556	0	342438	0
17556	0	342439	0
17556	0	357256	0
17556	0	532591	3
17556	0	532592	0
17556	0	532593	2
17556	0	532594	1
17556	0	660607	1
17556	0	701983	0
17556	0	701984	0
17556	0	701985	1
17556	0	710532	1
17595	0	1204	0
17595	0	281792	0
17595	0	281793	1
17595	0	29381	3
17595	0	29382	1
17595	0	321913	1
17595	0	321914	2
17595	0	453702	0
17595	0	51517	2
17595	0	573058	0
17595	0	599642	0
17595	0	649119	2
17595	0	730182	1
17595	0	89752	0
17595	0	89753	2
17602	0	105710	0
17602	0	155553	2
17602	0	200548	1
17602	0	29396	0
17602	0	29397	0
17602	0	336225	0
17602	0	387048	0
17602	0	387049	0
17602	0	393676	0
17602	0	508008	0
17602	0	556840	1
17602	0	588840	0
17603	0	170084	3
17603	0	175647	0
17603	0	175653	2
17603	0	208282	3
17603	0	228074	0
17603	0	233285	3
17603	0	277143	2
17603	0	29398	1
17603	0	29400	2
17603	0	29402	0
17603	0	29403	0
17603	0	29404	0
17603	0	29405	0
17603	0	319546	1
17603	0	34935	3
17603	0	462257	1
17603	0	511767	3
17603	0	605313	1
17603	0	605314	1
17603	0	605315	0
17603	0	605316	0
17603	0	655155	3
17603	0	85689	3
17629	0	175876	0
17629	0	29449	1
17629	0	29452	0
17629	0	308170	1
17629	0	361592	0
17629	0	394454	2
17629	0	457929	0
17629	0	457930	0
17629	0	507497	1
17629	0	507498	1
17629	0	55819	0
17629	0	55820	1
17629	0	626029	1
17629	0	675408	1
17629	0	702539	1
17635	0	114398	0
17635	0	114402	1
17635	0	178975	1
17635	0	178976	0
17635	0	29458	1
17635	0	318293	2
17635	0	339277	2
17635	0	339278	0
17635	0	339279	0
17635	0	339280	0
17635	0	369240	0
17635	0	371910	1
17635	0	569380	2
17635	0	627939	0
17635	0	648438	0
17635	0	720298	0
17635	0	757044	0
17702	0	104964	1
17702	0	104965	2
17702	0	215677	1
17702	0	29596	2
17702	0	494403	2
17702	0	612860	2
17702	0	630068	2
17702	0	630071	1
17702	0	668190	0
17702	0	694963	2
17702	0	707986	3
17702	0	72540	1
17702	0	742084	0
17702	0	758972	1
17702	0	79905	0
17749	0	103709	0
17749	0	103712	3
17749	0	103718	0
17749	0	119743	0
17749	0	153947	0
17749	0	157768	0
17749	0	157769	1
17749	0	157773	1
17749	0	157774	0
17749	0	157776	1
17749	0	157777	3
17749	0	157778	0
17749	0	180913	0
17749	0	180917	0
17749	0	180920	0
17749	0	400994	0
17749	0	400995	2
17749	0	400996	0
17749	0	400997	1
17749	0	400998	0
17749	0	400999	0
17749	0	401003	0
17749	0	42096	0
17749	0	481782	0
17749	0	513226	0
17749	0	591085	0
17749	0	591086	1
17749	0	591087	0
17749	0	646667	1
17749	0	649134	0
17749	0	649148	0
17749	0	708823	0
17749	0	718473	0
17749	0	718475	0
17749	0	718476	2
17749	0	718477	0
17749	0	718478	0
17749	0	718484	0
17749	0	718485	1
17749	0	731640	0
17749	0	731651	2
17749	0	731662	0
17749	0	759797	1
17749	0	759798	2
17749	0	759799	2
17749	0	759800	0
17749	0	759801	0
17749	0	759802	1
17749	0	759803	0
17749	0	759804	1
17749	0	759805	1
17749	0	759806	0
17749	0	7874	0
17810	0	123955	1
17810	0	174215	2
17810	0	217291	2
17810	0	29800	1
17810	0	29801	3
17810	0	351285	2
17810	0	361752	0
17810	0	361753	2
17810	0	633724	0
17810	0	649574	2
17810	0	660025	0
17810	0	660026	0
17810	0	660027	0
17810	0	660028	0
17810	0	670379	2
17810	0	80129	3
17836	0	113181	0
17836	0	174845	0
17836	0	178417	0
17836	0	195417	0
17836	0	253742	0
17836	0	284763	0
17836	0	284764	1
17836	0	29844	0
17836	0	29845	0
17836	0	431461	3
17836	0	431462	0
17836	0	431463	2
17836	0	431464	0
17836	0	431465	0
17836	0	431467	0
17836	0	476080	0
17836	0	544417	0
17836	0	547966	0
17836	0	594672	0
17836	0	6860	0
17867	0	180688	2
17867	0	284450	0
17867	0	29899	0
17867	0	306918	1
17867	0	306919	0
17867	0	334561	0
17867	0	385510	0
17867	0	4168	0
17867	0	510020	2
17867	0	513489	0
17867	0	513490	0
17867	0	747310	1
17885	0	29925	3
17885	0	361988	3
17885	0	400261	3
17885	0	46672	0
17885	0	480317	2
17885	0	588627	2
17885	0	620405	2
17885	0	758545	2
17885	0	80253	3
17885	0	84849	2
17885	0	84850	2
17899	0	118103	2
17899	0	121099	2
17899	0	123245	2
17899	0	128490	2
17899	0	209455	2
17899	0	209456	3
17899	0	260255	1
17899	0	260256	2
17899	0	29948	0
17899	0	29962	2
17899	0	338639	3
17899	0	382412	2
17899	0	385911	3
17899	0	528742	2
17899	0	690554	3
17899	0	690788	2
1792	0	148485	2
1792	0	2600	0
1792	0	294259	2
1792	0	294260	0
1792	0	294261	2
1792	0	382859	2
1792	0	427395	1
1792	0	461816	0
1792	0	541321	3
1792	0	603778	0
1792	0	629999	0
1792	0	630000	0
1792	0	704010	0
1792	0	725594	0
17944	0	110139	1
17944	0	179672	2
17944	0	201238	1
17944	0	30037	2
17944	0	30038	0
17944	0	302252	1
17944	0	302253	0
17944	0	302254	2
17944	0	423482	1
17944	0	423483	0
17944	0	504833	0
17944	0	510755	0
17944	0	700175	2
17944	0	708475	3
17944	0	731343	2
17944	0	759452	0
17963	0	169874	0
17963	0	192201	2
17963	0	22996	1
17963	0	30045	0
17963	0	30089	2
17963	0	357472	0
17963	0	357473	2
17963	0	385331	0
17963	0	43781	0
17963	0	43782	0
17963	0	451112	0
17963	0	522038	0
17963	0	585	2
17963	0	683248	0
17963	0	755522	2
17963	0	77540	0
17982	0	128292	1
17982	0	180205	0
17982	0	30118	0
17982	0	340605	0
17982	0	464163	0
17982	0	464407	2
17982	0	479818	0
17982	0	513699	0
17982	0	513700	1
17982	0	513701	2
17982	0	741235	0
17982	0	741236	0
17982	0	741806	1
17982	0	741807	0
17982	0	75133	0
17997	0	146677	3
17997	0	179526	3
17997	0	195020	0
17997	0	227723	0
17997	0	293452	0
17997	0	30153	0
17997	0	380093	2
17997	0	383930	1
17997	0	533370	0
17997	0	569164	2
17997	0	569376	0
17997	0	741835	2
17997	0	89459	2
17998	0	13189	0
17998	0	261761	1
17998	0	281494	1
17998	0	30154	2
17998	0	388850	0
17998	0	388851	1
17998	0	421406	0
17998	0	438095	0
17998	0	533994	3
17998	0	670690	0
17998	0	735125	0
17998	0	754054	0
17998	0	754055	1
17998	0	89438	2
1800	0	136304	2
1800	0	136307	0
1800	0	167832	0
1800	0	208006	0
1800	0	2612	2
1800	0	3178	2
1800	0	339637	2
1800	0	368250	0
1800	0	368251	3
1800	0	368252	1
1800	0	393763	0
1800	0	408003	2
1800	0	480328	2
1800	0	52567	0
1800	0	53595	3
1800	0	545911	0
1800	0	545913	0
1800	0	545916	0
1800	0	545917	1
1800	0	86400	3
1800	0	86401	1
18007	0	129724	0
18007	0	204311	1
18007	0	285013	0
18007	0	30177	2
18007	0	310926	0
18007	0	311527	0
18007	0	362246	0
18007	0	400517	3
18007	0	482442	0
18007	0	482443	0
18007	0	650389	2
18007	0	655358	3
18012	0	233369	0
18012	0	30183	0
18012	0	354577	0
18012	0	354578	0
18012	0	354579	0
18012	0	474720	0
18012	0	474721	3
18012	0	474722	0
18012	0	474723	0
18012	0	523838	0
18012	0	556001	0
18012	0	621194	0
18012	0	631704	0
18012	0	641573	1
18012	0	642811	0
18012	0	642812	0
18012	0	72838	0
18017	0	151203	2
18017	0	277664	0
18017	0	277665	0
18017	0	277666	0
18017	0	277667	1
18017	0	30190	1
18017	0	343707	0
18017	0	355941	1
18017	0	355942	1
18017	0	469356	2
18017	0	469357	0
18017	0	469358	2
18017	0	545351	0
18017	0	582705	0
18017	0	674522	0
18017	0	703320	2
18025	0	180791	0
18025	0	215380	0
18025	0	30205	0
18025	0	408194	0
18025	0	408195	0
18025	0	408196	0
18025	0	408197	0
18025	0	431830	0
18025	0	431831	2
18025	0	431832	0
18025	0	431833	0
18025	0	431835	0
18025	0	495890	2
18025	0	544700	2
18025	0	550884	0
18025	0	550885	1
18025	0	663762	0
18025	0	684595	2
18025	0	753809	0
1803	0	232761	3
1803	0	2616	0
1803	0	473713	0
1803	0	523953	0
1803	0	577984	2
1803	0	665093	1
1803	0	713998	0
1803	0	748364	0
1803	0	95791	1
18065	0	284539	2
18065	0	30277	0
18065	0	417139	0
18065	0	442696	0
18065	0	454874	0
18065	0	454875	0
18065	0	454876	0
18065	0	493254	0
18065	0	504372	2
18065	0	531082	0
18065	0	531083	0
18065	0	738833	3
18065	0	92295	1
18065	0	92536	1
18066	0	191625	1
18066	0	262441	0
18066	0	30280	2
18066	0	395321	1
18066	0	395322	0
18066	0	395323	2
18066	0	413148	1
18066	0	426944	0
18066	0	426945	0
18066	0	426946	2
18066	0	426947	0
18066	0	514634	2
18066	0	514635	0
18066	0	514636	2
18066	0	532193	0
18066	0	532194	0
18066	0	532195	1
18066	0	532196	0
18066	0	552479	0
18066	0	590591	1
18066	0	617484	0
18066	0	63045	0
18066	0	675169	2
18066	0	733169	1
18066	0	733170	1
18066	0	739368	0
18066	0	92819	2
18066	0	92820	0
18066	0	92821	1
18070	0	134118	2
18070	0	140274	0
18070	0	140275	2
18070	0	140276	1
18070	0	255471	2
18070	0	30284	1
18070	0	427075	0
18070	0	427076	0
18070	0	445903	0
18070	0	446148	3
18070	0	495574	0
18070	0	672340	2
18070	0	722560	2
18093	0	151335	2
18093	0	164645	3
18093	0	164648	2
18093	0	222349	1
18093	0	279222	3
18093	0	30323	2
18093	0	343824	1
18093	0	357444	2
18093	0	393503	2
18093	0	477510	3
18093	0	755543	0
18093	0	81931	2
18113	0	210091	0
18113	0	217007	0
18113	0	225125	2
18113	0	226836	0
18113	0	260336	0
18113	0	275753	0
18113	0	30356	2
18113	0	417963	0
18113	0	505258	0
18113	0	505259	0
18113	0	544752	0
18113	0	544753	2
18113	0	663856	0
18113	0	94528	0
18113	0	94529	2
18163	0	139368	0
18163	0	254273	0
18163	0	254274	0
18163	0	272579	0
18163	0	272580	0
18163	0	30436	1
18163	0	30437	1
18163	0	304699	0
18163	0	44261	0
18163	0	539919	0
18163	0	594680	1
18163	0	616301	0
18163	0	621438	0
18163	0	670990	0
18168	0	119562	0
18168	0	285074	1
18168	0	285076	0
18168	0	285077	1
18168	0	285078	1
18168	0	30446	0
18168	0	323037	2
18168	0	406634	2
18168	0	406635	2
18168	0	406636	0
18168	0	406637	2
18168	0	479732	0
18168	0	479733	0
18168	0	514094	0
18168	0	529017	0
18168	0	529018	2
18168	0	566320	2
18168	0	637667	0
18168	0	647829	1
18168	0	744670	0
18192	0	219284	0
18192	0	229211	1
18192	0	30493	1
18192	0	401654	1
18192	0	473425	2
18192	0	493247	2
18192	0	505648	1
18192	0	641556	2
18192	0	709714	3
18192	0	709715	2
18192	0	83762	0
18216	0	239858	2
18216	0	241490	1
18216	0	259406	0
18216	0	259407	0
18216	0	259408	0
18216	0	259409	1
18216	0	30539	0
18216	0	344566	0
18216	0	344568	0
18216	0	414240	0
18216	0	551381	1
18216	0	559629	0
18216	0	601071	0
18216	0	601072	2
18216	0	601073	0
18216	0	601075	0
18216	0	601076	0
18216	0	601077	0
18216	0	601078	0
18216	0	601079	0
18216	0	601080	0
18216	0	640401	0
18216	0	68729	0
18216	0	691509	0
18216	0	691510	0
18216	0	691513	0
18216	0	691514	0
18216	0	691515	0
18216	0	691516	0
18216	0	691517	2
18216	0	691518	0
18216	0	722979	0
18216	0	741652	1
18235	0	101157	0
18235	0	106474	1
18235	0	225681	2
18235	0	225682	0
18235	0	225683	0
18235	0	260388	0
18235	0	265742	0
18235	0	265743	2
18235	0	265744	1
18235	0	30567	1
18235	0	314316	0
18235	0	33856	1
18235	0	397927	2
18235	0	397928	0
18235	0	581061	0
18235	0	61838	0
18235	0	61840	2
18235	0	624902	0
18235	0	67317	1
18235	0	94577	0
18252	0	193186	3
18252	0	280093	2
18252	0	293315	3
18252	0	30587	2
18252	0	451241	2
18252	0	48962	3
18252	0	571768	3
18252	0	691333	3
18252	0	741720	3
18252	0	81124	3
18293	0	30649	0
18293	0	31225	0
18293	0	369497	2
18293	0	495459	0
18293	0	495463	1
18293	0	514817	1
18293	0	559024	0
18293	0	559025	0
18293	0	559026	0
18293	0	703767	0
18293	0	703768	0
18293	0	742427	1
18293	0	761037	0
18293	0	81659	1
18301	0	201879	1
18301	0	201880	0
18301	0	212497	2
18301	0	212498	2
18301	0	30674	0
18301	0	366562	2
18301	0	416403	2
18301	0	451647	3
18301	0	482692	1
18301	0	482693	0
18301	0	525093	1
18301	0	535411	1
18301	0	601298	0
18301	0	674932	1
18314	0	134751	0
18314	0	148772	0
18314	0	223167	2
18314	0	285318	0
18314	0	285319	1
18314	0	306431	1
18314	0	306432	0
18314	0	30696	1
18314	0	30697	2
18314	0	349852	3
18314	0	492275	3
18314	0	682345	0
18314	0	81116	2
18351	0	170742	3
18351	0	221507	1
18351	0	272592	0
18351	0	272623	2
18351	0	30760	0
18351	0	359206	0
18351	0	363732	1
18351	0	363735	3
18351	0	363736	2
18351	0	363737	0
18351	0	363738	0
18351	0	363739	3
18351	0	363740	0
18351	0	363741	0
18351	0	383142	0
18351	0	414172	2
18351	0	432410	2
18351	0	432411	2
18351	0	501501	2
18351	0	501502	0
18351	0	501505	2
18351	0	501506	3
18351	0	501507	3
18351	0	501508	0
18351	0	551433	0
18351	0	710423	0
18351	0	733814	0
18351	0	733815	0
18351	0	733816	0
18351	0	74188	0
1836	0	222501	2
1836	0	2674	2
1836	0	30489	1
1836	0	316113	1
1836	0	338943	2
1836	0	366987	0
1836	0	389661	0
1836	0	676173	0
1836	0	726390	0
1836	0	85978	0
18365	0	120455	2
18365	0	172811	0
18365	0	195766	2
18365	0	300760	2
18365	0	30790	1
18365	0	322973	2
18365	0	340629	1
18365	0	421959	0
18365	0	503407	0
18365	0	51987	2
18383	0	125840	0
18383	0	125841	2
18383	0	125842	0
18383	0	176133	0
18383	0	209892	0
18383	0	261335	1
18383	0	261338	2
18383	0	30845	1
18383	0	30846	0
18383	0	312258	2
18383	0	312259	0
18383	0	312260	0
18383	0	36130	0
18383	0	490615	1
18383	0	499940	1
18383	0	609140	0
18383	0	681814	1
18383	0	726768	1
18402	0	125210	2
18402	0	148112	2
18402	0	148122	2
18402	0	280200	2
18402	0	30881	0
18402	0	30882	2
18402	0	317549	3
18402	0	590424	3
18402	0	606786	2
18402	0	627552	0
18402	0	639848	0
18402	0	748288	0
18402	0	81294	0
18405	0	146057	1
18405	0	245516	0
18405	0	245517	0
18405	0	30890	0
18405	0	385835	0
18405	0	467582	0
18405	0	475283	0
18405	0	508561	0
18405	0	53770	2
18405	0	63700	0
18405	0	63701	0
18405	0	644343	0
18405	0	650203	0
18405	0	694090	0
18411	0	158625	0
18411	0	168431	0
18411	0	281927	0
18411	0	304943	0
18411	0	306620	0
18411	0	30903	0
18411	0	403706	1
18411	0	614613	0
18411	0	614614	2
18411	0	664119	2
18411	0	664120	2
18411	0	735610	0
18411	0	95154	0
18413	0	205947	0
18413	0	30906	1
18413	0	30907	1
18413	0	312103	0
18413	0	34080	2
18413	0	362975	0
18413	0	362976	0
18413	0	395816	1
18413	0	398881	1
18413	0	398882	0
18413	0	398883	0
18413	0	445124	2
18413	0	518121	0
18413	0	604469	0
18420	0	145031	2
18420	0	145032	0
18420	0	145033	2
18420	0	145034	1
18420	0	222909	0
18420	0	222910	0
18420	0	30924	1
18420	0	344482	0
18420	0	43515	0
18420	0	452894	0
18420	0	497323	1
18420	0	497324	1
18420	0	507772	2
18420	0	657568	2
18420	0	657569	0
18420	0	707542	0
18420	0	709378	0
18420	0	714612	0
18420	0	714613	0
18420	0	714615	0
18420	0	714616	0
18420	0	714617	2
18420	0	714618	1
18420	0	714619	1
18420	0	714620	2
18420	0	714621	0
18420	0	714622	0
18422	0	114554	0
18422	0	208172	3
18422	0	208173	0
18422	0	304899	0
18422	0	30932	2
18422	0	355547	2
18422	0	355548	1
18422	0	355549	2
18422	0	355550	3
18422	0	381357	0
18422	0	406380	0
18422	0	445119	2
18422	0	51996	2
18422	0	51997	0
18422	0	534706	1
18422	0	534708	2
18422	0	597774	0
18422	0	678889	3
18422	0	97144	3
18424	0	30934	0
18424	0	30935	2
18424	0	30936	0
18424	0	396035	0
18424	0	396036	1
18424	0	396037	1
18424	0	396038	2
18424	0	542730	0
18424	0	580919	0
18424	0	584406	0
18424	0	635408	0
18424	0	635409	0
18424	0	635411	1
18424	0	65304	0
18424	0	65305	0
18424	0	65306	0
18424	0	661798	2
18424	0	661799	0
18424	0	711721	1
18424	0	754926	0
18434	0	113985	2
18434	0	188686	0
18434	0	216246	0
18434	0	30957	1
18434	0	451206	0
18434	0	515288	2
18434	0	564223	2
18434	0	601514	2
18434	0	732	0
18440	0	104520	0
18440	0	11478	0
18440	0	218112	0
18440	0	270640	0
18440	0	292400	0
18440	0	30977	1
18440	0	4110	0
18440	0	451299	1
18440	0	505885	0
18440	0	505886	0
18440	0	505887	0
18440	0	505888	0
18440	0	505889	2
18440	0	505890	0
18440	0	505891	0
18440	0	561187	0
18440	0	595334	0
18456	0	164082	0
18456	0	164083	0
18456	0	164686	0
18456	0	31006	0
18456	0	395325	0
18456	0	43826	0
18456	0	448014	0
18456	0	48923	2
18456	0	619182	0
18456	0	679617	0
18456	0	81435	0
18519	0	114146	0
18519	0	206635	0
18519	0	206636	1
18519	0	219238	3
18519	0	238888	1
18519	0	256970	0
18519	0	295456	3
18519	0	31121	3
18519	0	416887	1
18519	0	438633	2
18519	0	474238	2
18519	0	486590	2
18519	0	490152	0
18519	0	490198	0
18519	0	622244	0
18519	0	622247	2
18519	0	622249	0
18519	0	641870	0
18556	0	120016	2
18556	0	151649	0
18556	0	151650	2
18556	0	291697	2
18556	0	31200	1
18556	0	432824	3
18556	0	456505	1
18556	0	482444	3
18556	0	538617	1
18556	0	559140	0
18556	0	575103	0
18556	0	78886	0
18556	0	81638	3
1858	0	2711	2
1858	0	284214	3
1858	0	329033	0
1858	0	357086	2
1858	0	449885	1
1858	0	455292	2
1858	0	460327	2
1858	0	470646	1
1858	0	638591	2
1858	0	643705	2
18596	0	205741	0
18596	0	208341	0
18596	0	229951	0
18596	0	229952	0
18596	0	2378	0
18596	0	255056	0
18596	0	256023	0
18596	0	280604	0
18596	0	296356	0
18596	0	298081	0
18596	0	298082	0
18596	0	298083	2
18596	0	298085	2
18596	0	298087	1
18596	0	298088	0
18596	0	298089	1
18596	0	298630	1
18596	0	304851	0
18596	0	304852	0
18596	0	304853	0
18596	0	304855	0
18596	0	304856	2
18596	0	304858	0
18596	0	304859	2
18596	0	31266	1
18596	0	315003	0
18596	0	315007	0
18596	0	315009	0
18596	0	340551	0
18596	0	402404	2
18596	0	418055	0
18596	0	446632	0
18596	0	446656	1
18596	0	453177	0
18596	0	453178	0
18596	0	52712	1
18596	0	52713	0
18596	0	52714	0
18596	0	52715	0
18596	0	52719	0
18596	0	52720	1
18596	0	52721	1
18596	0	590815	1
18596	0	653647	2
18617	0	132074	0
18617	0	178838	0
18617	0	220535	0
18617	0	220537	0
18617	0	220538	0
18617	0	220539	0
18617	0	220540	0
18617	0	31292	0
18617	0	477903	0
18617	0	549723	0
18617	0	549724	1
18617	0	613567	0
18617	0	709964	0
18617	0	747334	0
18617	0	94227	0
18625	0	145482	2
18625	0	148303	0
18625	0	204627	2
18625	0	31305	1
18625	0	479595	2
18625	0	490617	0
18625	0	59553	2
18625	0	603918	2
18625	0	607176	3
18625	0	706068	2
18625	0	706069	0
18625	0	706070	1
18625	0	86873	2
18639	0	128391	2
18639	0	128392	0
18639	0	128393	0
18639	0	128394	3
18639	0	129015	1
18639	0	217538	2
18639	0	31349	0
18639	0	410227	2
18639	0	515457	2
18639	0	528882	0
18639	0	622431	0
18639	0	743180	0
18639	0	78591	0
18675	0	249293	1
18675	0	253099	3
18675	0	31430	1
18675	0	31431	0
18675	0	375194	0
18675	0	424764	1
18675	0	477418	2
18675	0	654071	0
18675	0	703964	0
18675	0	704530	0
18675	0	721038	0
18675	0	733821	1
18675	0	749130	1
18749	0	119964	1
18749	0	119965	1
18749	0	119966	0
18749	0	149717	2
18749	0	170660	0
18749	0	189405	0
18749	0	255118	0
18749	0	31604	1
18749	0	400898	2
18749	0	426749	1
18749	0	495565	0
18749	0	51165	0
18749	0	761052	1
18749	0	761054	1
18749	0	761055	1
18835	0	190504	0
18835	0	241543	0
18835	0	316058	0
18835	0	31785	0
18835	0	31787	0
18835	0	31788	0
18835	0	31789	0
18835	0	31790	2
18835	0	31791	2
18835	0	423460	1
18835	0	433436	0
18835	0	48924	0
18835	0	48925	2
18835	0	531823	2
18835	0	531824	0
18835	0	533958	0
18835	0	622599	0
18835	0	675331	0
18835	0	699077	0
18835	0	720097	0
18866	0	158218	0
18866	0	225168	2
18866	0	251728	0
18866	0	314417	0
18866	0	31846	2
18866	0	346914	2
18866	0	37897	0
18866	0	505668	2
18866	0	732852	1
18866	0	75335	0
18876	0	158303	0
18876	0	247022	3
18876	0	313496	2
18876	0	31864	1
18876	0	31865	0
18876	0	364304	0
18876	0	418864	0
18876	0	439477	1
18876	0	439478	2
18876	0	439479	1
18876	0	479823	1
18876	0	601875	0
18898	0	277982	0
18898	0	283251	0
18898	0	283252	0
18898	0	31924	0
18898	0	328131	1
18898	0	328132	0
18898	0	328134	2
18898	0	333428	0
18898	0	333692	2
18898	0	420440	0
18898	0	449083	0
18898	0	449084	0
18898	0	637636	0
18898	0	673881	1
18898	0	758833	2
18940	0	215906	0
18940	0	215908	0
18940	0	223981	1
18940	0	263840	2
18940	0	284212	0
18940	0	313332	0
18940	0	314130	2
18940	0	32010	0
18940	0	386116	0
18940	0	386121	2
18940	0	542240	2
18940	0	542241	0
18940	0	71011	2
18958	0	100407	0
18958	0	100410	2
18958	0	100411	0
18958	0	100412	0
18958	0	100413	1
18958	0	126821	2
18958	0	221200	0
18958	0	224177	3
18958	0	292511	0
18958	0	292512	0
18958	0	292513	0
18958	0	292514	1
18958	0	292515	1
18958	0	312909	2
18958	0	312910	0
18958	0	313449	1
18958	0	32043	2
18958	0	32291	3
18958	0	54860	1
18958	0	82491	2
18971	0	151333	0
18971	0	267515	0
18971	0	279589	0
18971	0	317629	1
18971	0	32068	2
18971	0	36640	0
18971	0	451490	0
18971	0	521997	0
18971	0	721075	1
18971	0	748247	0
18990	0	115103	1
18990	0	197734	1
18990	0	215415	1
18990	0	238165	0
18990	0	3005	0
18990	0	32098	0
18990	0	34311	0
18990	0	345659	0
18990	0	441752	1
18990	0	64916	0
19021	0	153150	2
19021	0	194381	2
19021	0	204029	0
19021	0	32148	2
19021	0	435199	2
19021	0	454783	3
19021	0	484829	1
19021	0	603350	2
19021	0	684480	3
19026	0	156499	1
19026	0	187876	0
19026	0	32161	0
19026	0	364855	0
19026	0	411231	0
19026	0	417101	0
19026	0	460762	0
19026	0	640913	1
19026	0	693001	0
19026	0	83100	3
19026	0	83101	1
19050	0	106309	0
19050	0	106310	2
19050	0	179644	0
19050	0	224058	0
19050	0	224160	0
19050	0	224161	0
19050	0	224162	0
19050	0	224163	0
19050	0	224166	0
19050	0	229284	0
19050	0	310411	0
19050	0	310412	2
19050	0	310413	0
19050	0	32216	0
19050	0	361134	0
19050	0	399361	0
19050	0	399362	0
19050	0	480938	0
19050	0	480939	0
19050	0	480940	0
19050	0	480941	0
19050	0	515756	0
19050	0	515757	0
19050	0	515758	0
19050	0	515760	0
19050	0	588643	0
19050	0	627062	2
19050	0	627065	0
19050	0	627067	0
19050	0	93927	0
19050	0	93936	1
19069	0	109858	0
19069	0	154168	0
19069	0	256372	0
19069	0	305334	0
19069	0	32255	0
19069	0	405778	0
19069	0	515595	2
19069	0	515596	0
19069	0	516519	1
19069	0	64311	2
19069	0	654645	2
19069	0	704592	0
19078	0	108142	1
19078	0	108143	3
19078	0	11478	0
19078	0	203414	0
19078	0	203416	0
19078	0	203417	0
19078	0	32267	0
19078	0	339426	0
19078	0	390108	1
19078	0	391466	0
19078	0	509540	1
19078	0	509541	0
19078	0	509542	2
19078	0	591051	0
19078	0	698102	0
19078	0	698103	0
19099	0	120503	1
19099	0	203997	0
19099	0	254352	0
19099	0	32307	0
19099	0	434657	0
19099	0	478316	0
19099	0	483424	0
19099	0	516523	0
19099	0	565486	1
19099	0	602841	1
19118	0	115346	1
19118	0	258304	0
19118	0	32348	0
19118	0	32349	0
19118	0	32350	0
19118	0	324428	0
19118	0	324429	0
19118	0	324431	0
19118	0	363278	0
19118	0	363280	0
19118	0	363281	1
19118	0	43272	0
19118	0	43273	0
19118	0	516596	1
19118	0	552473	0
19118	0	565564	0
19118	0	583974	0
19118	0	583975	1
19118	0	602873	0
19118	0	602874	0
19118	0	602875	0
19138	0	140899	0
19138	0	149296	0
19138	0	235625	0
19138	0	32393	0
19138	0	351003	0
19138	0	381667	0
19138	0	568968	0
19138	0	710259	0
19138	0	755794	0
19138	0	755796	1
19138	0	90592	0
19145	0	32412	3
19145	0	32413	2
19145	0	32667	3
19145	0	341844	3
19145	0	364605	1
19145	0	477734	3
19145	0	481979	0
19145	0	574226	3
19145	0	611551	0
19145	0	611552	1
19145	0	611553	0
19145	0	611554	1
19145	0	611555	0
19145	0	650056	1
19145	0	650886	3
19186	0	153485	2
19186	0	153486	0
19186	0	194472	0
19186	0	203641	2
19186	0	259871	3
19186	0	259872	0
19186	0	260108	0
19186	0	310351	2
19186	0	32505	1
19186	0	325194	0
19186	0	329134	1
19186	0	515981	2
19186	0	538746	1
19186	0	538747	0
19186	0	708194	0
19187	0	188990	0
19187	0	194471	3
19187	0	239128	2
19187	0	259018	1
19187	0	32506	0
19187	0	382264	1
19187	0	382265	2
19187	0	38792	2
19187	0	501820	0
19187	0	501821	2
19187	0	550573	2
19187	0	600253	2
19187	0	66947	0
19226	0	153563	0
19226	0	236568	0
19226	0	32611	0
19226	0	32612	0
19226	0	32613	0
19226	0	32614	0
19226	0	32615	0
19226	0	32616	0
19226	0	32617	0
19226	0	34150	0
19226	0	34151	2
19226	0	34152	0
19226	0	347723	1
19226	0	398239	3
19226	0	623658	0
19226	0	624595	0
19226	0	705644	2
19226	0	744421	0
19231	0	118374	1
19231	0	168507	3
19231	0	290032	1
19231	0	290033	2
19231	0	32627	2
19231	0	346178	2
19231	0	434174	3
19231	0	478729	0
19231	0	568332	3
19231	0	568333	2
19231	0	617633	1
19231	0	690015	0
19257	0	112289	0
19257	0	283882	3
19257	0	313287	2
19257	0	32686	0
19257	0	396928	1
19257	0	396929	0
19257	0	396931	0
19257	0	513661	2
19257	0	562539	0
19257	0	579720	2
19257	0	623728	1
19257	0	673226	0
19257	0	673227	0
1927	0	139681	0
1927	0	181659	2
1927	0	195403	0
1927	0	195404	2
1927	0	217666	0
1927	0	2800	1
1927	0	332194	0
1927	0	502943	2
1927	0	529400	1
1927	0	529401	1
1927	0	578253	1
1927	0	702720	1
1927	0	702721	0
1927	0	753447	2
1927	0	753448	2
19296	0	172388	1
19296	0	172402	1
19296	0	284337	1
19296	0	284338	2
19296	0	284340	2
19296	0	32773	0
19296	0	334490	0
19296	0	334491	1
19296	0	334492	1
19296	0	334493	3
19296	0	334494	1
19296	0	334495	0
19296	0	334496	1
19296	0	334497	1
19296	0	373271	1
19296	0	373272	2
19296	0	373273	2
19296	0	373274	2
19296	0	373275	0
19296	0	374938	1
19296	0	38054	1
19296	0	38055	0
19296	0	434830	1
19296	0	562256	1
19296	0	603228	0
19296	0	608448	1
19296	0	608449	1
19296	0	608450	0
19296	0	608451	0
19296	0	608452	0
19296	0	608453	0
19296	0	608454	2
19296	0	643816	1
19296	0	643817	2
19296	0	643818	3
19296	0	643819	1
19296	0	738008	2
19319	0	148653	0
19319	0	198769	0
19319	0	313150	0
19319	0	32823	2
19319	0	484758	0
19319	0	497494	0
19319	0	528935	0
19319	0	566249	0
19319	0	603281	0
19319	0	736046	0
19349	0	115877	0
19349	0	115878	1
19349	0	153854	0
19349	0	153855	1
19349	0	204008	2
19349	0	287372	0
19349	0	325533	2
19349	0	32887	1
19349	0	337645	1
19349	0	337646	0
19349	0	408930	2
19349	0	516293	2
19349	0	735778	0
19383	0	260084	0
19383	0	260085	0
19383	0	263484	3
19383	0	263986	2
19383	0	263987	0
19383	0	263988	0
19383	0	32965	2
19383	0	338378	2
19383	0	338379	2
19383	0	338380	0
19383	0	343467	2
19383	0	343468	1
19383	0	353402	0
19383	0	616189	2
19383	0	620203	0
19383	0	694173	0
19401	0	106609	0
19401	0	153911	3
19401	0	33002	2
19401	0	331679	2
19401	0	331681	2
19401	0	331682	1
19401	0	467227	3
19401	0	484031	0
19401	0	484032	0
19401	0	614406	0
19401	0	635267	1
19401	0	65163	2
19401	0	740232	2
19401	0	82450	1
19401	0	82451	3
19421	0	125085	0
19421	0	125086	2
19421	0	204166	2
19421	0	246227	2
19421	0	246228	2
19421	0	33069	2
19421	0	438497	0
19421	0	484218	1
19421	0	498198	0
19421	0	531224	0
19421	0	720839	3
19421	0	75175	2
19421	0	75176	0
19421	0	75177	0
19421	0	75179	3
19421	0	75180	0
19421	0	75181	0
19421	0	75182	3
19429	0	108573	0
19429	0	204197	0
19429	0	259487	0
19429	0	305218	0
19429	0	33080	2
19429	0	422074	0
19429	0	459844	0
19429	0	50039	0
19429	0	693878	0
19429	0	83751	0
19479	0	198113	3
19479	0	280929	1
19479	0	281139	1
19479	0	312976	2
19479	0	331189	0
19479	0	331190	2
19479	0	33187	3
19479	0	37107	0
19479	0	397344	0
19479	0	472640	2
19479	0	608967	0
19479	0	608968	2
19479	0	679821	3
19479	0	82685	3
19480	0	173088	0
19480	0	199914	0
19480	0	205060	0
19480	0	250128	1
19480	0	33189	0
19480	0	404257	0
19480	0	480655	1
19480	0	529923	1
19480	0	574606	2
19480	0	655876	0
19488	0	116161	2
19488	0	166241	1
19488	0	192693	1
19488	0	287720	1
19488	0	32995	0
19488	0	33206	0
19488	0	332896	0
19488	0	378553	2
19488	0	378554	0
19488	0	383868	1
19488	0	397355	1
19488	0	673738	1
19488	0	692201	0
19496	0	111814	1
19496	0	119553	2
19496	0	119554	1
19496	0	124209	2
19496	0	198295	0
19496	0	323273	0
19496	0	323285	0
19496	0	33236	0
19496	0	33237	0
19496	0	33238	0
19496	0	33239	0
19496	0	33240	2
19496	0	33245	0
19496	0	33246	0
19496	0	356386	0
19496	0	406669	0
19496	0	406670	0
19496	0	406671	2
19496	0	406672	0
19496	0	406675	0
19496	0	406676	0
19496	0	484933	2
19496	0	484934	2
19496	0	484935	0
19496	0	484936	2
19496	0	525636	0
19496	0	573738	0
19496	0	573744	0
19496	0	603449	2
19496	0	605070	0
19496	0	605071	2
19496	0	605072	1
19496	0	689201	2
19496	0	69442	0
19496	0	714936	2
1951	0	183072	0
1951	0	233153	0
1951	0	233154	0
1951	0	233155	0
1951	0	233156	2
1951	0	2852	0
1951	0	297135	1
1951	0	347530	2
1951	0	396074	1
1951	0	481038	0
1951	0	544637	0
1951	0	574732	2
1951	0	62036	0
1951	0	714202	0
1951	0	714203	0
19533	0	161989	0
19533	0	175246	0
19533	0	175248	0
19533	0	225357	1
19533	0	291497	0
19533	0	315764	0
19533	0	33326	1
19533	0	33327	0
19533	0	33328	0
19533	0	341750	3
19533	0	462353	0
19533	0	462355	0
19533	0	462356	0
19533	0	486400	0
19533	0	54363	1
19533	0	624354	0
19533	0	624355	0
19533	0	651475	0
19533	0	653002	0
19533	0	673885	0
19533	0	698221	0
19536	0	119355	0
19536	0	322896	0
19536	0	33333	3
19536	0	359808	0
19536	0	467336	0
19536	0	467580	0
19536	0	516697	3
19536	0	655838	0
19536	0	69266	0
19536	0	744503	0
19555	0	154280	0
19555	0	1850	0
19555	0	280661	0
19555	0	33372	0
19555	0	33373	0
19555	0	413668	1
19555	0	608505	0
19555	0	639504	0
19555	0	71525	0
19555	0	745146	0
19555	0	840	0
19560	0	133054	2
19560	0	133055	0
19560	0	222286	0
19560	0	242142	2
19560	0	243451	0
19560	0	243452	0
19560	0	305487	0
19560	0	33384	2
19560	0	39047	0
19560	0	476203	2
19560	0	522093	0
19560	0	560170	0
19560	0	690774	0
19560	0	702835	0
19560	0	702836	0
19560	0	702837	0
19560	0	702838	0
19589	0	121611	2
19589	0	121612	0
19589	0	121613	0
19589	0	121614	0
19589	0	121615	0
19589	0	177209	1
19589	0	182395	0
19589	0	182396	0
19589	0	260062	2
19589	0	314691	0
19589	0	328813	0
19589	0	33452	0
19589	0	33453	0
19589	0	485349	0
19589	0	595582	1
19589	0	673980	2
19589	0	99823	0
19660	0	121743	2
19660	0	204693	1
19660	0	273586	2
19660	0	314045	0
19660	0	314046	0
19660	0	33583	1
19660	0	462657	2
19660	0	476990	2
19660	0	494868	1
19660	0	526191	2
19660	0	645064	2
19660	0	660901	0
19660	0	689000	1
19739	0	149485	1
19739	0	199618	1
19739	0	220173	3
19739	0	227698	1
19739	0	33731	0
19739	0	581078	3
19739	0	586208	1
19739	0	604102	0
19739	0	630747	0
19739	0	630748	2
19739	0	680296	3
19740	0	215064	0
19740	0	215065	1
19740	0	223147	2
19740	0	223152	0
19740	0	33732	1
19740	0	357855	2
19740	0	455650	1
19740	0	527596	1
19740	0	53419	0
19740	0	576547	1
19740	0	730587	1
19740	0	90192	2
19796	0	103840	1
19796	0	205843	0
19796	0	24141	0
19796	0	33843	0
19796	0	33844	0
19796	0	397954	2
19796	0	436149	1
19796	0	486531	0
19796	0	605160	0
19796	0	605161	1
19796	0	656024	0
19796	0	679526	0
19796	0	693874	2
19796	0	72835	0
1980	0	134102	0
1980	0	217274	2
1980	0	255457	2
1980	0	265371	1
1980	0	267616	1
1980	0	2900	2
1980	0	433635	1
1980	0	447501	2
1980	0	546623	0
1980	0	75483	1
19821	0	111680	0
19821	0	120351	0
19821	0	125441	0
19821	0	157624	0
19821	0	157625	0
19821	0	33887	0
19821	0	407539	0
19821	0	490525	0
19821	0	490531	0
19821	0	526539	0
19821	0	526540	0
19821	0	526541	0
19821	0	526542	0
19821	0	604323	2
19821	0	681213	0
19821	0	715831	0
19821	0	715832	0
19858	0	163266	2
19858	0	187017	0
19858	0	187018	2
19858	0	208320	0
19858	0	328089	0
19858	0	33965	0
19858	0	33966	1
19858	0	353759	1
19858	0	581966	0
19858	0	66041	0
19858	0	670705	0
19858	0	702086	0
19858	0	722016	0
1988	0	123957	0
1988	0	135251	0
1988	0	185507	0
1988	0	185508	0
1988	0	2909	0
1988	0	2910	0
1988	0	360648	0
1988	0	366676	1
1988	0	366677	0
1988	0	406023	0
1988	0	406024	2
1988	0	416496	0
1988	0	416497	0
1988	0	681634	2
1988	0	725300	3
19894	0	106813	0
19894	0	106814	1
19894	0	203133	1
19894	0	244636	0
19894	0	34046	0
19894	0	417401	1
19894	0	502257	0
19894	0	524633	0
19894	0	524634	1
19894	0	524635	1
19894	0	524636	0
19894	0	524637	2
19894	0	551005	0
19894	0	605946	0
19894	0	752692	0
19894	0	84332	0
19920	0	110474	0
19920	0	164179	1
19920	0	167164	1
19920	0	167165	0
19920	0	203443	2
19920	0	34104	0
19920	0	34107	2
19920	0	37978	0
19920	0	398146	0
19920	0	574166	2
19920	0	671702	0
19920	0	719065	0
19920	0	840	0
19920	0	84379	2
19980	0	118285	0
19980	0	134083	0
19980	0	134084	1
19980	0	155115	1
19980	0	155116	2
19980	0	158537	2
19980	0	176117	2
19980	0	250082	2
19980	0	250083	2
19980	0	270900	0
19980	0	297585	1
19980	0	34228	0
19980	0	34230	0
19980	0	34231	0
19980	0	34232	0
19980	0	34233	0
19980	0	34234	2
19980	0	34235	0
19980	0	347950	0
19980	0	415920	2
19980	0	415921	2
19988	0	109173	0
19988	0	3005	0
19988	0	347975	1
19988	0	347976	0
19988	0	358739	0
19988	0	468423	0
19988	0	478741	0
19988	0	527905	1
19988	0	551246	0
19988	0	635625	0
19988	0	640873	3
19988	0	656730	0
19988	0	728843	0
19999	0	126494	3
19999	0	214298	2
19999	0	307083	2
19999	0	34268	3
19999	0	607511	0
19999	0	62399	0
19999	0	666270	2
19999	0	694488	0
19999	0	746032	2
19999	0	76588	0
19999	0	76589	0
200	0	128064	2
200	0	237109	2
200	0	278	3
200	0	317099	3
200	0	357547	0
200	0	357548	1
200	0	405909	1
200	0	473224	3
200	0	498984	3
200	0	562827	0
200	0	591892	2
20007	0	227183	2
20007	0	227184	0
20007	0	248246	1
20007	0	248247	0
20007	0	248248	0
20007	0	248250	0
20007	0	34279	1
20007	0	419751	1
20007	0	419752	1
20007	0	419753	2
20007	0	420041	1
20007	0	538741	1
20007	0	538742	1
20007	0	538743	1
20007	0	538931	0
20007	0	538932	0
20007	0	538933	0
20007	0	538934	1
20007	0	587857	0
20007	0	587858	1
20007	0	587859	0
20007	0	587860	0
20007	0	608716	1
20007	0	608717	1
20007	0	608718	0
20007	0	608719	2
20007	0	720228	0
20007	0	95531	1
20007	0	95532	1
20007	0	95533	0
20007	0	95534	1
20039	0	117255	0
20039	0	155271	0
20039	0	209315	0
20039	0	34343	0
20039	0	347939	0
20039	0	347940	0
20039	0	448899	0
20039	0	67027	0
20039	0	67028	0
20039	0	67029	0
20039	0	732268	0
20039	0	737525	3
20039	0	746128	0
2008	0	107103	2
2008	0	11911	0
2008	0	157044	2
2008	0	174832	2
2008	0	195142	0
2008	0	278404	2
2008	0	2949	2
2008	0	379341	2
2008	0	558121	0
2008	0	581648	2
2008	0	655627	0
2008	0	655628	2
2008	0	655630	0
2008	0	86174	1
20129	0	117413	0
20129	0	224294	0
20129	0	233148	2
20129	0	238399	2
20129	0	34542	1
20129	0	37612	1
20129	0	37613	2
20129	0	37614	0
20129	0	37616	1
20129	0	37617	0
20129	0	37618	1
20129	0	37619	0
20129	0	425778	0
20129	0	428018	0
20129	0	428019	0
20129	0	428020	0
20129	0	428021	0
20129	0	428022	0
20129	0	546870	0
20129	0	596023	0
20129	0	625501	0
20129	0	625503	1
20129	0	625505	1
20129	0	625506	0
20129	0	625508	1
20129	0	705255	2
20129	0	705260	0
20129	0	705266	0
2015	0	141005	2
2015	0	141006	2
2015	0	197476	2
2015	0	26353	0
2015	0	2959	1
2015	0	346846	2
2015	0	503946	2
2015	0	510250	2
2015	0	579665	0
2015	0	579666	0
2015	0	579667	0
2015	0	617233	1
2015	0	655920	1
2015	0	666721	2
2015	0	76700	0
2015	0	81077	0
20158	0	176857	2
20158	0	34589	0
20158	0	354411	2
20158	0	406660	2
20158	0	456975	1
20158	0	456976	0
20158	0	456977	1
20158	0	539127	2
20158	0	575563	0
20158	0	625119	2
20158	0	664179	2
20158	0	66802	0
20158	0	746366	2
20167	0	102041	2
20167	0	159629	0
20167	0	159631	1
20167	0	159633	0
20167	0	159634	0
20167	0	191643	0
20167	0	191651	0
20167	0	191656	0
20167	0	191661	1
20167	0	191665	0
20167	0	34604	0
20167	0	34605	0
20167	0	366737	2
20167	0	391614	2
20167	0	440797	0
20167	0	486457	0
20167	0	486458	0
20167	0	50539	2
20167	0	591363	2
20167	0	699267	0
20167	0	699269	0
20167	0	750317	2
20167	0	751715	0
20167	0	751718	0
20167	0	751719	0
20167	0	84894	0
20172	0	242272	0
20172	0	293013	0
20172	0	293014	0
20172	0	303763	0
20172	0	325668	0
20172	0	325669	0
20172	0	331576	0
20172	0	34614	2
20172	0	369397	0
20172	0	376600	0
20172	0	414314	2
20172	0	569575	2
20172	0	602766	0
20172	0	602767	1
20172	0	602768	0
20172	0	605043	3
20172	0	636778	0
20172	0	636779	0
20172	0	636780	0
2020	0	118942	2
2020	0	233046	0
2020	0	2964	0
2020	0	2965	0
2020	0	311255	1
2020	0	41301	2
2020	0	440410	2
2020	0	481701	3
2020	0	490104	0
2020	0	513487	2
2020	0	513488	0
2020	0	608675	0
2020	0	608676	0
2020	0	714319	2
20217	0	130339	1
20217	0	284080	0
20217	0	284081	2
20217	0	320907	0
20217	0	327142	0
20217	0	34707	0
20217	0	34708	0
20217	0	468948	2
20217	0	486304	0
20217	0	486305	0
20217	0	517998	0
20217	0	554102	0
20217	0	80603	0
20217	0	81484	1
20253	0	135055	2
20253	0	177905	2
20253	0	186262	2
20253	0	186263	0
20253	0	287295	2
20253	0	306754	0
20253	0	306755	2
20253	0	306756	2
20253	0	307644	1
20253	0	34781	2
20253	0	494472	3
20253	0	584756	2
20253	0	683038	2
20253	0	720132	3
20279	0	147145	0
20279	0	168959	0
20279	0	215416	0
20279	0	334009	0
20279	0	340872	0
20279	0	34846	0
20279	0	436348	0
20279	0	436938	0
20279	0	58355	1
20279	0	746588	3
20281	0	143903	0
20281	0	196291	0
20281	0	196292	1
20281	0	196293	1
20281	0	217430	0
20281	0	343365	0
20281	0	34848	0
20281	0	389662	1
20281	0	410223	0
20281	0	413040	2
20281	0	511197	1
20281	0	54110	0
20281	0	61890	0
20281	0	61891	0
20281	0	702232	0
20281	0	702233	0
20281	0	75441	0
20285	0	112592	0
20285	0	221531	0
20285	0	285517	0
20285	0	285518	0
20285	0	304796	0
20285	0	34854	2
20285	0	426085	2
20285	0	456479	0
20285	0	594507	0
20285	0	93468	0
20296	0	127177	0
20296	0	133299	2
20296	0	133300	2
20296	0	248336	2
20296	0	265746	1
20296	0	265747	0
20296	0	265748	1
20296	0	303896	0
20296	0	34872	2
20296	0	354588	0
20296	0	420125	1
20296	0	474681	0
20296	0	495485	2
20296	0	723902	1
20296	0	723903	0
20312	0	176781	0
20312	0	209033	0
20312	0	214953	1
20312	0	265921	0
20312	0	34922	1
20312	0	34923	1
20312	0	349563	0
20312	0	363162	0
20312	0	413009	1
20312	0	536119	0
20312	0	721794	0
20312	0	746870	0
20361	0	117867	2
20361	0	117869	2
20361	0	117870	1
20361	0	155947	2
20361	0	228249	0
20361	0	228250	1
20361	0	271305	2
20361	0	271306	2
20361	0	301507	0
20361	0	301513	1
20361	0	310334	2
20361	0	348911	0
20361	0	35021	0
20361	0	588371	2
20361	0	588374	0
20361	0	613724	1
20361	0	631073	2
20361	0	665293	0
20361	0	684289	1
20361	0	684292	0
20361	0	684294	0
20361	0	684295	2
20361	0	684296	2
20361	0	684297	2
20361	0	684298	2
20361	0	684299	2
20361	0	732767	0
20361	0	732768	1
20361	0	732769	2
20361	0	732770	1
20361	0	732771	0
20361	0	732772	0
20361	0	732774	2
20361	0	732776	0
20388	0	142824	3
20388	0	15587	0
20388	0	160193	3
20388	0	161075	2
20388	0	186626	0
20388	0	231735	0
20388	0	282346	1
20388	0	282347	2
20388	0	282348	1
20388	0	282349	1
20388	0	282350	0
20388	0	282351	2
20388	0	35087	2
20388	0	35088	0
20388	0	543372	0
20388	0	622019	0
20388	0	712392	1
20388	0	727668	0
20388	0	73217	0
20388	0	73218	0
20393	0	131259	2
20393	0	35094	1
20393	0	451154	0
20393	0	581267	3
20393	0	593611	2
20393	0	613562	0
20393	0	663063	0
20393	0	675587	1
20393	0	700970	0
20393	0	85317	0
20444	0	121724	1
20444	0	121725	0
20444	0	35178	1
20444	0	437370	0
20444	0	443216	0
20444	0	443217	0
20444	0	554320	2
20444	0	603431	2
20444	0	626124	2
20444	0	641179	1
20444	0	691466	3
20444	0	71185	0
2049	0	124062	0
2049	0	128180	0
2049	0	185706	0
2049	0	3004	0
2049	0	316422	0
2049	0	405966	0
2049	0	405967	1
2049	0	450655	0
2049	0	455426	0
2049	0	455427	0
2049	0	536708	1
2049	0	537286	0
2049	0	714369	1
2049	0	727131	0
20542	0	264453	0
20542	0	264454	0
20542	0	264455	0
20542	0	264456	0
20542	0	3005	0
20542	0	320254	1
20542	0	342993	1
20542	0	35420	3
20542	0	37882	2
20542	0	512604	1
20542	0	624549	0
20542	0	628773	0
20542	0	628774	1
20542	0	631264	0
20542	0	724456	0
20542	0	749584	1
20561	0	162526	1
20561	0	162527	0
20561	0	186588	2
20561	0	349680	0
20561	0	35459	0
20561	0	443849	0
20561	0	475569	0
20561	0	475570	0
20561	0	626362	0
20561	0	626363	0
20561	0	626364	2
20561	0	626368	0
20561	0	708357	0
20561	0	710335	0
20561	0	72057	0
20561	0	747086	0
20571	0	142772	2
20571	0	142773	0
20571	0	250385	0
20571	0	257395	0
20571	0	257396	1
20571	0	35483	2
20571	0	374833	0
20571	0	487010	0
20571	0	543326	0
20571	0	543327	2
20571	0	656532	2
20571	0	675933	0
20571	0	675934	0
20571	0	707545	1
20571	0	733473	2
20571	0	759590	0
20571	0	93112	3
20606	0	278579	2
20606	0	316697	1
20606	0	35573	2
20606	0	359914	2
20606	0	367151	0
20606	0	398086	0
20606	0	400399	0
20606	0	507951	2
20606	0	507952	2
20606	0	586609	0
20606	0	78201	2
20625	0	301636	0
20625	0	35611	2
20625	0	430645	1
20625	0	481744	2
20625	0	561522	2
20625	0	594037	2
20625	0	607838	2
20625	0	626482	0
20625	0	682312	3
20625	0	682313	0
20625	0	718257	2
20627	0	133767	0
20627	0	207194	0
20627	0	258658	1
20627	0	258659	1
20627	0	321785	0
20627	0	35614	0
20627	0	488597	1
20627	0	537591	0
20627	0	605899	0
20627	0	605900	0
20627	0	605901	0
20627	0	655770	0
20627	0	739642	0
20684	0	127546	2
20684	0	127547	2
20684	0	181368	3
20684	0	210660	2
20684	0	218225	0
20684	0	218227	2
20684	0	260922	2
20684	0	299311	0
20684	0	311713	2
20684	0	35747	0
20684	0	490611	0
20684	0	686048	0
20684	0	747358	0
20684	0	747359	0
20701	0	255162	0
20701	0	273554	0
20701	0	329165	0
20701	0	333224	0
20701	0	35788	3
20701	0	377226	0
20701	0	453306	2
20701	0	571966	2
20701	0	621848	0
20701	0	680295	0
20701	0	90191	0
20718	0	123811	0
20718	0	169185	0
20718	0	290317	1
20718	0	290318	0
20718	0	316127	0
20718	0	35828	1
20718	0	401776	0
20718	0	411676	2
20718	0	411677	0
20718	0	411680	0
20718	0	411681	0
20718	0	411682	0
20718	0	411683	0
20718	0	411684	0
20718	0	411685	0
20718	0	485453	0
20718	0	487500	0
20718	0	600107	0
20718	0	627580	0
20718	0	650841	0
20718	0	650848	0
20718	0	650854	0
20718	0	714093	0
20718	0	714945	0
20718	0	714947	0
20718	0	743574	0
20718	0	743575	0
20718	0	743577	0
20718	0	743578	1
20718	0	743580	0
20718	0	743581	0
20718	0	86798	0
20718	0	86799	0
20718	0	86800	0
20718	0	86801	0
20718	0	86802	0
20718	0	86803	0
20731	0	126575	0
20731	0	159776	0
20731	0	192463	1
20731	0	192464	0
20731	0	352366	0
20731	0	352367	1
20731	0	35867	1
20731	0	363437	0
20731	0	472685	0
20731	0	475368	1
20731	0	538724	0
20731	0	538727	2
20731	0	568598	1
20731	0	617898	2
20731	0	617900	0
20731	0	634696	1
20731	0	634697	0
20731	0	634698	1
20731	0	659689	1
20731	0	86047	1
20808	0	138662	2
20808	0	150716	2
20808	0	158793	1
20808	0	158794	0
20808	0	158795	0
20808	0	194835	0
20808	0	241596	2
20808	0	312352	2
20808	0	317030	0
20808	0	36004	0
20808	0	361075	0
20808	0	388033	3
20808	0	388034	2
20808	0	388035	0
20808	0	516600	0
20808	0	588273	3
20844	0	132353	1
20844	0	267022	0
20844	0	317158	2
20844	0	324787	0
20844	0	324788	3
20844	0	324789	0
20844	0	324791	1
20844	0	355852	2
20844	0	36088	2
20844	0	416327	2
20844	0	416337	0
20844	0	438245	0
20844	0	545303	3
20844	0	634509	1
20844	0	744614	0
2090	0	149995	2
2090	0	149996	2
2090	0	149997	2
2090	0	205299	0
2090	0	205300	3
2090	0	205301	2
2090	0	280122	2
2090	0	3068	2
2090	0	321520	2
2090	0	321521	2
2090	0	321522	0
2090	0	321523	3
2090	0	321524	2
2090	0	321525	3
2090	0	41375	2
2090	0	59856	3
2090	0	604612	2
2090	0	604613	2
2090	0	604614	2
2090	0	604615	0
2090	0	740685	2
2090	0	740687	2
2090	0	9589	3
20922	0	223706	0
20922	0	268081	2
20922	0	274310	2
20922	0	36272	1
20922	0	389997	2
20922	0	396042	1
20922	0	438181	2
20922	0	558253	2
20922	0	755540	2
20922	0	81984	2
20932	0	225371	1
20932	0	317362	2
20932	0	324902	2
20932	0	36288	2
20932	0	406349	0
20932	0	475534	3
20932	0	606643	2
20932	0	86469	3
20932	0	89354	0
20932	0	99324	2
20939	0	216281	3
20939	0	216283	2
20939	0	228185	0
20939	0	228186	1
20939	0	228188	0
20939	0	228191	0
20939	0	228192	0
20939	0	244222	0
20939	0	293432	0
20939	0	349952	0
20939	0	349953	2
20939	0	36308	0
20939	0	380874	2
20939	0	430304	0
20939	0	539678	0
20939	0	549253	0
20939	0	549254	0
20939	0	601106	0
20939	0	735581	0
20939	0	735590	1
20939	0	735607	0
20939	0	760188	0
20939	0	760189	0
20964	0	161645	2
20964	0	196742	0
20964	0	216618	0
20964	0	36369	2
20964	0	36370	0
20964	0	470647	0
20964	0	477393	0
20964	0	477394	2
20964	0	477395	0
20964	0	526659	0
20964	0	561755	0
20964	0	561756	0
20964	0	561757	0
20964	0	561758	0
20964	0	610971	0
20964	0	734871	0
20964	0	92038	0
210	0	18319	3
210	0	18320	0
210	0	24155	0
210	0	292	0
210	0	305528	1
210	0	50738	1
210	0	508734	0
210	0	557599	2
210	0	594856	0
210	0	594857	1
210	0	676826	0
210	0	729939	0
21011	0	112104	0
21011	0	112106	2
21011	0	115372	1
21011	0	119998	3
21011	0	120393	2
21011	0	157359	2
21011	0	349936	3
21011	0	36474	2
21011	0	402453	3
21011	0	402454	1
21011	0	402456	0
21011	0	413670	3
21011	0	41615	2
21011	0	46743	1
21011	0	519629	3
21011	0	735969	1
21011	0	735990	3
21011	0	748097	3
21017	0	116156	3
21017	0	116157	0
21017	0	242228	0
21017	0	36496	0
21017	0	375450	2
21017	0	429551	0
21017	0	519591	3
21017	0	522204	0
21017	0	522205	0
21017	0	568620	0
21017	0	568621	0
21017	0	629411	0
21017	0	711385	0
21143	0	230413	3
21143	0	230414	1
21143	0	230415	0
21143	0	230416	0
21143	0	230417	0
21143	0	230418	0
21143	0	322985	0
21143	0	322986	0
21143	0	329191	0
21143	0	329192	2
21143	0	36718	1
21143	0	501590	3
21143	0	510994	2
21143	0	520548	2
21143	0	555531	2
21143	0	559890	0
21143	0	607010	2
21143	0	607011	1
21143	0	77812	0
21148	0	157628	2
21148	0	162492	0
21148	0	162493	2
21148	0	189895	0
21148	0	189896	0
21148	0	189897	0
21148	0	277752	0
21148	0	350143	1
21148	0	36724	0
21148	0	659074	1
21148	0	659075	0
21148	0	675135	0
21148	0	675136	0
21148	0	675137	2
21148	0	711383	0
21148	0	748332	0
21148	0	85640	1
21153	0	122833	0
21153	0	122834	2
21153	0	122835	1
21153	0	122839	2
21153	0	122840	0
21153	0	207695	3
21153	0	207696	2
21153	0	207697	2
21153	0	207698	0
21153	0	297027	2
21153	0	329163	2
21153	0	329164	2
21153	0	36733	2
21153	0	36734	3
21153	0	36735	3
21153	0	36736	0
21153	0	36737	3
21153	0	473077	2
21153	0	474054	3
21153	0	474055	2
21153	0	488275	3
21153	0	508173	0
21153	0	508187	2
21153	0	509433	2
21153	0	519813	2
21153	0	586643	2
21153	0	586644	3
21153	0	586645	0
21153	0	586646	0
21153	0	586647	2
21153	0	586648	1
21153	0	586650	0
21153	0	586651	2
21153	0	586652	3
21153	0	592687	0
21153	0	622211	3
21162	0	115661	0
21162	0	142993	0
21162	0	157858	0
21162	0	209814	0
21162	0	287282	0
21162	0	350383	0
21162	0	350384	0
21162	0	350385	0
21162	0	36759	0
21162	0	395609	0
21162	0	402868	0
21162	0	602628	2
21182	0	104026	1
21182	0	104027	0
21182	0	135812	0
21182	0	343148	0
21182	0	36789	0
21182	0	400866	0
21182	0	400867	0
21182	0	400868	1
21182	0	524766	1
21182	0	551147	1
21182	0	568957	0
21182	0	643725	1
21182	0	86971	0
21182	0	86972	0
21194	0	174817	0
21194	0	201685	1
21194	0	201686	0
21194	0	296297	0
21194	0	296299	1
21194	0	296300	0
21194	0	317054	2
21194	0	317055	0
21194	0	323098	0
21194	0	323099	0
21194	0	36812	0
21194	0	36813	0
21194	0	487696	0
21194	0	677228	2
21194	0	682272	0
21194	0	683391	0
21283	0	155399	2
21283	0	348061	0
21283	0	348062	0
21283	0	355275	0
21283	0	37006	0
21283	0	380918	1
21283	0	399124	1
21283	0	399125	0
21283	0	518314	0
21283	0	518513	0
21283	0	551728	1
21283	0	567266	0
21283	0	567267	0
21283	0	569726	1
21283	0	84220	2
21298	0	119800	0
21298	0	119802	0
21298	0	119803	0
21298	0	119804	0
21298	0	119805	0
21298	0	119806	0
21298	0	119807	2
21298	0	119808	0
21298	0	129186	0
21298	0	129187	0
21298	0	129190	0
21298	0	129191	0
21298	0	129192	0
21298	0	129193	0
21298	0	129194	3
21298	0	129195	1
21298	0	129196	0
21298	0	129197	0
21298	0	246371	2
21298	0	340493	0
21298	0	37034	0
21298	0	37035	2
21298	0	525522	0
21298	0	622278	0
21298	0	659373	2
21298	0	679053	0
21298	0	686328	2
21298	0	714325	2
21298	0	714329	0
21298	0	727103	2
21298	0	760885	1
21339	0	115220	0
21339	0	115221	0
21339	0	115222	0
21339	0	125125	1
21339	0	125126	0
21339	0	221188	0
21339	0	302389	3
21339	0	350735	2
21339	0	366330	2
21339	0	37131	0
21339	0	471166	0
21339	0	587602	1
21339	0	607437	0
21339	0	607438	0
21339	0	607440	1
21339	0	659490	0
21339	0	659491	0
21339	0	748192	1
21436	0	113782	0
21436	0	158291	0
21436	0	158293	2
21436	0	158294	0
21436	0	158296	0
21436	0	158297	0
21436	0	183606	0
21436	0	183612	0
21436	0	350755	0
21436	0	37329	0
21436	0	488615	0
21436	0	49441	0
21436	0	628210	1
21436	0	628211	0
21436	0	645304	0
21436	0	645305	0
21436	0	645306	0
21436	0	677615	0
21436	0	710250	1
21436	0	748997	0
2145	0	156613	3
2145	0	172618	0
2145	0	290914	3
2145	0	3153	3
2145	0	328176	1
2145	0	328177	0
2145	0	391743	1
2145	0	427336	0
2145	0	436338	0
2145	0	550889	0
2145	0	556909	2
2145	0	56489	0
2145	0	606062	0
2145	0	606063	0
2145	0	643674	0
2145	0	643675	1
2145	0	643676	0
2145	0	643677	0
2145	0	643678	0
2145	0	643679	0
2145	0	645473	0
2145	0	742573	2
2145	0	742575	0
2145	0	742576	0
2145	0	742577	0
2145	0	742578	2
2145	0	742579	2
2145	0	742580	0
2145	0	752518	0
21453	0	120146	0
21453	0	170300	2
21453	0	2516	0
21453	0	260754	2
21453	0	260755	0
21453	0	37366	3
21453	0	374646	3
21453	0	490499	2
21453	0	658329	2
21453	0	87559	2
21453	0	87561	0
21453	0	87562	0
21453	0	88844	0
21453	0	88845	2
21454	0	152072	0
21454	0	202258	0
21454	0	308960	0
21454	0	37367	0
21454	0	37368	0
21454	0	397477	0
21454	0	397479	0
21454	0	53617	0
21454	0	585979	0
21454	0	585980	0
21454	0	677829	2
21454	0	705592	0
21454	0	731612	0
21454	0	82827	0
21463	0	119634	2
21463	0	37383	0
21463	0	405334	0
21463	0	42579	0
21463	0	454782	0
21463	0	525533	0
21463	0	525753	0
21463	0	574563	0
21463	0	711051	0
21463	0	92942	0
21478	0	277512	2
21478	0	291683	1
21478	0	312552	2
21478	0	37413	2
21478	0	42612	2
21478	0	483648	2
21478	0	570182	0
21478	0	633399	2
21478	0	633400	0
21478	0	651618	0
21478	0	761140	0
21478	0	761141	0
21478	0	761142	0
21484	0	151687	1
21484	0	184201	3
21484	0	207046	2
21484	0	207199	0
21484	0	32044	0
21484	0	37422	2
21484	0	444805	2
21484	0	572547	1
21484	0	683604	2
21484	0	683713	2
21484	0	749089	1
21484	0	749090	0
21484	0	90323	1
21484	0	94836	2
21492	0	125744	2
21492	0	158863	0
21492	0	208975	0
21492	0	225898	0
21492	0	37436	0
21492	0	37884	0
21492	0	37885	0
21492	0	37886	0
21492	0	37889	0
21492	0	489005	0
21492	0	521636	0
21492	0	538012	0
21492	0	55338	0
21492	0	55339	0
21492	0	55341	2
21492	0	570739	0
21492	0	87629	0
21492	0	87630	0
21492	0	87631	2
21492	0	87632	1
21492	0	87633	1
21528	0	114076	0
21528	0	241317	2
21528	0	292028	0
21528	0	37511	0
21528	0	413340	2
21528	0	520663	0
21528	0	535735	1
21528	0	679840	0
21528	0	687426	0
21528	0	699022	0
21528	0	704141	2
21528	0	755021	0
21528	0	755022	2
21556	0	158585	0
21556	0	251629	0
21556	0	290224	3
21556	0	372833	0
21556	0	373779	0
21556	0	37564	0
21556	0	444944	0
21556	0	461124	0
21556	0	59645	2
21556	0	633575	0
21556	0	633576	0
21556	0	649468	0
21556	0	649469	0
21556	0	649470	0
21570	0	126152	1
21570	0	141880	0
21570	0	165345	0
21570	0	283136	0
21570	0	283137	0
21570	0	291844	0
21570	0	318764	1
21570	0	318765	0
21570	0	318766	0
21570	0	333305	0
21570	0	37596	1
21570	0	37597	0
21570	0	377334	2
21570	0	377335	0
21570	0	377336	0
21570	0	377337	0
21570	0	382886	0
21570	0	382892	0
21570	0	382897	0
21570	0	43979	0
21570	0	448520	0
21570	0	466311	0
21570	0	482790	0
21570	0	482834	0
21570	0	600096	0
21570	0	607951	0
21570	0	607952	0
21570	0	607953	0
21570	0	607954	0
21570	0	607955	0
21570	0	607956	0
21570	0	607957	0
21570	0	607958	2
21570	0	657802	3
21570	0	680385	0
21570	0	680386	0
21570	0	680387	1
21599	0	268104	1
21599	0	374409	1
21599	0	374410	0
21599	0	37654	2
21599	0	390018	0
21599	0	408840	0
21599	0	411121	0
21599	0	411122	0
21599	0	411123	0
21599	0	411124	0
21599	0	411125	0
21599	0	411126	0
21599	0	411127	0
21599	0	411128	0
21599	0	411131	0
21599	0	494095	2
21599	0	682644	2
21599	0	749369	2
21599	0	752687	0
21621	0	163798	2
21621	0	163799	2
21621	0	326497	1
21621	0	351239	0
21621	0	37690	0
21621	0	45135	2
21621	0	520814	0
21621	0	552108	1
21621	0	621689	1
21621	0	642062	0
21621	0	642065	2
21621	0	673893	0
21621	0	724673	1
21635	0	118776	0
21635	0	175484	0
21635	0	203530	1
21635	0	216721	1
21635	0	221851	2
21635	0	221852	2
21635	0	221853	2
21635	0	221854	3
21635	0	221855	0
21635	0	221856	1
21635	0	221857	0
21635	0	221858	3
21635	0	221859	2
21635	0	225030	0
21635	0	225042	0
21635	0	225063	0
21635	0	267040	1
21635	0	331938	0
21635	0	331941	0
21635	0	37739	0
21635	0	37740	0
21635	0	37742	0
21635	0	37743	0
21635	0	37744	0
21635	0	37745	0
21635	0	37750	0
21635	0	389011	0
21635	0	389012	0
21635	0	403537	0
21635	0	403538	1
21635	0	403541	0
21635	0	412508	0
21635	0	438221	2
21635	0	438222	0
21635	0	438226	0
21635	0	451294	0
21635	0	451375	0
21635	0	471458	0
21635	0	471509	2
21635	0	478439	0
21635	0	478464	0
21635	0	577398	0
21635	0	577399	0
21635	0	577400	1
21635	0	577401	1
21635	0	577403	0
21635	0	577404	0
21635	0	577405	1
21635	0	577406	0
21635	0	582646	2
21635	0	697183	3
21635	0	697184	0
21635	0	697185	2
21635	0	697186	0
21635	0	747784	1
21635	0	747785	0
21635	0	747786	2
21635	0	747787	0
21635	0	747789	2
21635	0	82850	2
21743	0	151027	0
21743	0	152717	0
21743	0	152718	0
21743	0	191007	0
21743	0	269033	0
21743	0	292594	0
21743	0	319109	0
21743	0	37989	0
21743	0	571014	0
21743	0	690455	1
21743	0	722513	0
21743	0	722514	0
21743	0	740944	0
21761	0	159066	2
21761	0	197117	3
21761	0	209136	2
21761	0	247299	2
21761	0	38019	0
21761	0	408033	1
21761	0	450844	0
21761	0	450845	0
21761	0	450846	0
21761	0	494260	0
21761	0	532297	0
21761	0	569572	0
21761	0	716505	0
21761	0	716506	0
21761	0	716507	0
21761	0	716508	0
21761	0	716510	0
21761	0	760492	0
21779	0	209200	1
21779	0	226639	0
21779	0	359738	1
21779	0	38080	3
21779	0	402194	2
21779	0	491697	1
21779	0	51163	2
21779	0	570970	0
21779	0	641793	2
21779	0	691542	2
21791	0	120330	0
21791	0	209223	0
21791	0	220038	0
21791	0	38101	0
21791	0	402220	2
21791	0	412648	0
21791	0	412649	1
21791	0	521180	0
21791	0	570305	0
21791	0	570307	1
21791	0	570308	0
21791	0	618388	0
21791	0	88328	1
21902	0	1940	0
21902	0	230628	0
21902	0	297203	0
21902	0	38373	0
21902	0	413485	0
21902	0	542129	2
21902	0	542130	3
21902	0	542131	1
21902	0	542132	0
21902	0	542133	0
21902	0	631624	0
21902	0	631625	0
21902	0	631626	1
21902	0	631627	0
21902	0	661192	2
21902	0	661193	0
21902	0	689984	0
21902	0	689985	0
21902	0	743219	0
21902	0	75519	0
21953	0	149338	2
21953	0	159438	2
21953	0	178499	2
21953	0	209539	2
21953	0	228473	2
21953	0	228474	0
21953	0	38516	2
21953	0	521518	3
21953	0	56824	0
21953	0	62564	2
21953	0	632762	2
21953	0	741164	0
21958	0	159126	2
21958	0	159127	1
21958	0	217516	0
21958	0	290409	1
21958	0	301473	1
21958	0	351697	1
21958	0	38529	1
21958	0	426840	1
21958	0	430411	1
21958	0	558498	0
21958	0	558499	0
21958	0	584835	0
21984	0	103430	1
21984	0	105100	0
21984	0	105101	1
21984	0	148303	0
21984	0	211435	0
21984	0	211437	2
21984	0	211438	0
21984	0	261741	1
21984	0	276408	0
21984	0	38603	0
21984	0	491477	0
21984	0	586615	1
21984	0	586978	3
21984	0	742518	0
21984	0	744318	0
21984	0	757779	0
21984	0	757780	1
22038	0	199362	0
22038	0	232087	0
22038	0	282687	1
22038	0	38710	0
22038	0	43188	0
22038	0	440854	0
22038	0	490562	0
22038	0	561481	0
22038	0	662528	0
22038	0	680806	0
22054	0	138675	1
22054	0	143794	0
22054	0	242464	0
22054	0	293215	0
22054	0	331165	0
22054	0	336423	0
22054	0	336424	0
22054	0	38743	2
22054	0	522454	0
22054	0	571615	3
22054	0	609088	3
22066	0	153411	0
22066	0	193955	1
22066	0	306387	2
22066	0	326035	0
22066	0	38770	2
22066	0	434008	0
22066	0	462145	2
22066	0	516877	2
22066	0	606983	0
22066	0	717288	3
22066	0	744239	2
22074	0	163819	2
22074	0	267332	2
22074	0	38788	2
22074	0	390297	2
22074	0	409587	3
22074	0	509690	2
22074	0	529946	2
22074	0	550797	2
22074	0	648707	0
22074	0	664708	3
22074	0	699105	2
22074	0	699106	2
22074	0	86392	0
22075	0	111427	0
22075	0	111874	0
22075	0	146123	3
22075	0	315489	1
22075	0	315490	0
22075	0	320399	0
22075	0	33997	0
22075	0	358932	0
22075	0	38793	0
22075	0	509654	0
22075	0	513835	0
22075	0	551607	2
22075	0	641046	0
22075	0	666471	0
22105	0	121556	0
22105	0	159827	2
22105	0	159828	1
22105	0	281059	1
22105	0	349016	0
22105	0	38867	0
22105	0	399662	0
22105	0	518714	2
22105	0	518715	2
22105	0	518716	1
22105	0	576947	0
22105	0	576948	1
22105	0	707919	1
22105	0	711751	0
22115	0	262705	0
22115	0	262708	3
22115	0	262709	0
22115	0	262710	0
22115	0	262711	1
22115	0	275847	0
22115	0	346056	1
22115	0	351074	0
22115	0	38885	0
22115	0	392508	0
22115	0	392509	2
22115	0	392510	1
22115	0	392511	0
22115	0	441787	1
22115	0	446952	0
22115	0	515921	1
22115	0	515922	0
22115	0	515923	0
22115	0	51889	0
22115	0	553102	0
22115	0	70662	0
22119	0	130684	0
22119	0	130685	2
22119	0	209990	0
22119	0	209991	1
22119	0	293334	0
22119	0	38900	1
22119	0	402968	0
22119	0	438976	2
22119	0	438977	1
22119	0	483590	1
22119	0	679301	1
22119	0	689169	0
22119	0	689170	2
22119	0	689171	0
22119	0	689172	2
22119	0	89116	0
22155	0	121679	2
22155	0	121680	0
22155	0	121681	0
22155	0	148876	0
22155	0	171932	2
22155	0	230678	1
22155	0	254984	0
22155	0	38976	0
22155	0	38977	0
22155	0	38978	0
22155	0	426602	0
22155	0	511178	0
22155	0	626355	0
22155	0	675842	0
22155	0	726372	0
22162	0	181528	0
22162	0	199705	1
22162	0	280219	0
22162	0	344947	0
22162	0	38989	0
22162	0	541556	0
22162	0	631253	0
22162	0	66766	0
22162	0	680811	0
22162	0	680812	0
22162	0	722744	0
22162	0	89213	0
22162	0	89214	0
22198	0	127644	2
22198	0	160029	3
22198	0	190453	2
22198	0	222195	0
22198	0	293456	0
22198	0	293457	0
22198	0	299397	0
22198	0	299398	0
22198	0	388347	0
22198	0	39065	2
22198	0	458281	1
22198	0	609217	0
22198	0	609218	0
22198	0	609219	2
22198	0	83890	1
22213	0	160058	3
22213	0	160059	1
22213	0	186132	0
22213	0	274819	0
22213	0	302547	0
22213	0	39101	0
22213	0	472923	1
22213	0	558815	0
22213	0	62663	0
22213	0	62664	1
22213	0	62665	2
22213	0	661489	0
22213	0	661490	2
22213	0	661491	0
22213	0	749355	0
22213	0	750760	0
22213	0	750761	0
22213	0	750762	0
22216	0	196480	2
22216	0	39109	1
22216	0	488910	2
22216	0	489114	3
22216	0	557937	1
22216	0	635797	1
22216	0	677237	1
22216	0	677802	2
22216	0	727438	2
22216	0	749073	2
22216	0	80910	2
22216	0	80911	2
22266	0	199891	0
22266	0	210350	0
22266	0	210351	0
22266	0	210352	0
22266	0	210353	0
22266	0	210354	1
22266	0	233847	0
22266	0	244218	0
22266	0	244680	0
22266	0	295438	0
22266	0	295440	1
22266	0	295442	0
22266	0	333568	0
22266	0	333569	0
22266	0	356207	0
22266	0	39219	0
22266	0	416739	0
22266	0	44462	0
22266	0	44463	0
22266	0	496231	0
22266	0	496232	0
22266	0	496233	1
22266	0	496234	1
22266	0	496235	0
22266	0	614581	0
22266	0	614582	2
22266	0	640536	0
22266	0	640543	0
22266	0	678965	0
22266	0	720955	1
22266	0	720996	0
22275	0	144281	0
22275	0	144282	1
22275	0	233915	0
22275	0	351305	0
22275	0	39237	0
22275	0	39239	0
22275	0	430227	1
22275	0	490897	1
22275	0	490898	1
22275	0	490899	1
22275	0	490900	1
22275	0	544065	1
22275	0	593284	0
22275	0	593285	0
22275	0	658708	0
22275	0	67	0
22275	0	679692	1
22275	0	679693	0
22275	0	679694	0
22275	0	679695	0
22275	0	706918	3
22275	0	706919	0
22276	0	126301	2
22276	0	200256	2
22276	0	269765	2
22276	0	301559	2
22276	0	39243	3
22276	0	403506	3
22276	0	440822	3
22276	0	530130	2
22276	0	580360	3
22276	0	580362	2
22276	0	733641	3
22276	0	89530	3
22295	0	170519	1
22295	0	195023	1
22295	0	287670	0
22295	0	368548	0
22295	0	380960	2
22295	0	39282	1
22295	0	44972	0
22295	0	541107	2
22295	0	541108	1
22295	0	63709	0
22295	0	657166	2
22295	0	657167	2
22295	0	660179	1
22295	0	740409	1
22295	0	744734	0
22310	0	145590	2
22310	0	307808	2
22310	0	314039	0
22310	0	317174	1
22310	0	317175	3
22310	0	346130	0
22310	0	39308	3
22310	0	42034	1
22310	0	424660	2
22310	0	432195	2
22310	0	536352	2
22310	0	546090	3
22310	0	711093	2
22335	0	107666	0
22335	0	155469	0
22335	0	158613	0
22335	0	210661	2
22335	0	210669	0
22335	0	234648	1
22335	0	255993	2
22335	0	306396	0
22335	0	306397	1
22335	0	306398	0
22335	0	306399	2
22335	0	352948	0
22335	0	39358	0
22335	0	39359	3
22335	0	427661	0
22335	0	435031	0
22335	0	533872	0
22335	0	565992	1
22335	0	565993	0
22335	0	606856	0
22335	0	606857	0
22335	0	606858	0
22335	0	606860	0
22335	0	606861	0
22335	0	606862	2
22335	0	606863	0
22335	0	706380	0
22335	0	706382	0
22335	0	706383	2
22335	0	746592	0
22335	0	83933	2
22335	0	95333	0
22419	0	158031	0
22419	0	182164	2
22419	0	272624	2
22419	0	272625	0
22419	0	350576	2
22419	0	350577	2
22419	0	39539	0
22419	0	528408	0
22419	0	551131	0
22419	0	579004	3
22419	0	599634	0
22419	0	599635	1
22419	0	632318	2
22419	0	632319	0
22419	0	638984	0
22419	0	638985	1
22419	0	747988	1
22438	0	147754	0
22438	0	242567	0
22438	0	345403	1
22438	0	345404	2
22438	0	345999	1
22438	0	346000	0
22438	0	346001	2
22438	0	346002	0
22438	0	39591	0
22438	0	396673	2
22438	0	446931	0
22438	0	446932	2
22438	0	496587	3
22438	0	533310	0
22438	0	614957	0
22438	0	644544	0
22455	0	117606	0
22455	0	117608	0
22455	0	223863	2
22455	0	223864	3
22455	0	223865	0
22455	0	274424	0
22455	0	353425	0
22455	0	353426	1
22455	0	39627	1
22455	0	491496	1
22455	0	680017	0
22455	0	680018	0
22455	0	700955	0
22455	0	755932	0
22455	0	755933	0
22455	0	755935	0
22455	0	755936	0
22455	0	755937	0
22455	0	755938	0
22455	0	755939	0
22455	0	755940	0
22455	0	755941	2
22455	0	755942	2
22455	0	77060	0
22455	0	89869	0
22455	0	89870	2
22455	0	89871	2
22455	0	90261	0
22519	0	102347	0
22519	0	2516	0
22519	0	387452	1
22519	0	39769	0
22519	0	404549	1
22519	0	415811	0
22519	0	415812	1
22519	0	415813	0
22519	0	415814	1
22519	0	592993	3
22519	0	60593	1
22519	0	680219	0
22519	0	692387	0
22519	0	698358	1
22532	0	305062	0
22532	0	311474	0
22532	0	349863	0
22532	0	382613	1
22532	0	39798	3
22532	0	50718	3
22532	0	50719	2
22532	0	583293	2
22532	0	620836	3
22532	0	701999	0
22532	0	702990	0
2256	0	174658	0
2256	0	193933	1
2256	0	228984	0
2256	0	228985	0
2256	0	228986	0
2256	0	3335	1
2256	0	369190	2
2256	0	49124	0
2256	0	516817	0
2256	0	53750	0
2256	0	53751	2
2256	0	665150	0
2256	0	761045	0
22572	0	148736	0
22572	0	264755	0
22572	0	318422	0
22572	0	320292	3
22572	0	320293	2
22572	0	39885	0
22572	0	517851	0
22572	0	517852	3
22572	0	517854	0
22572	0	522844	0
22572	0	522845	0
22572	0	522846	0
22572	0	522847	1
22572	0	522848	0
22572	0	522849	0
22572	0	630070	0
22658	0	160094	0
22658	0	231815	0
22658	0	321021	0
22658	0	352732	0
22658	0	371969	0
22658	0	371970	0
22658	0	371971	0
22658	0	40052	0
22658	0	40053	0
22658	0	40054	0
22658	0	491740	1
22658	0	559584	0
22658	0	680263	0
22658	0	750038	0
22658	0	750039	0
22658	0	750040	0
22664	0	153607	1
22664	0	153610	0
22664	0	264199	1
22664	0	264200	0
22664	0	285395	0
22664	0	40062	1
22664	0	406902	1
22664	0	406903	2
22664	0	413263	1
22664	0	440080	1
22664	0	440081	2
22664	0	440082	2
22664	0	456339	0
22664	0	466759	1
22664	0	524870	0
22664	0	666348	0
22664	0	716456	0
22672	0	148996	1
22672	0	278508	2
22672	0	40094	2
22672	0	453033	3
22672	0	51659	2
22672	0	52541	2
22672	0	562575	2
22672	0	630971	2
22672	0	691787	3
22672	0	718668	3
22689	0	131007	2
22689	0	169554	2
22689	0	206043	0
22689	0	252323	0
22689	0	312299	3
22689	0	328548	0
22689	0	335675	2
22689	0	335676	0
22689	0	40132	3
22689	0	444499	3
22689	0	687399	2
22691	0	124135	3
22691	0	149043	2
22691	0	231929	3
22691	0	316502	2
22691	0	399053	2
22691	0	40136	3
22691	0	523137	2
22691	0	536740	3
22691	0	57212	3
22691	0	707182	0
2270	0	174682	2
2270	0	262018	1
2270	0	3353	2
2270	0	339723	2
2270	0	377211	2
2270	0	454158	2
2270	0	53769	0
2270	0	592008	3
2270	0	622095	3
2270	0	683678	2
22733	0	283519	3
22733	0	29301	0
22733	0	333703	2
22733	0	333704	1
22733	0	353914	0
22733	0	353915	0
22733	0	353916	2
22733	0	353917	0
22733	0	353918	0
22733	0	353919	0
22733	0	353920	0
22733	0	353921	0
22733	0	386600	1
22733	0	40228	2
22733	0	413671	0
22733	0	413673	2
22733	0	413674	2
22733	0	413675	0
22733	0	413676	0
22733	0	42341	0
22733	0	523769	1
22733	0	631154	1
22733	0	751934	2
22743	0	1940	0
22743	0	201407	0
22743	0	202325	0
22743	0	285735	0
22743	0	357929	2
22743	0	442514	0
22743	0	442515	0
22743	0	474312	1
22743	0	666742	1
22743	0	666758	0
22743	0	706802	1
22743	0	721176	1
22743	0	734038	2
22743	0	93655	0
22744	0	253739	3
22744	0	270815	2
22744	0	320886	1
22744	0	361529	2
22744	0	39148	0
22744	0	40258	0
22744	0	40259	2
22744	0	41552	0
22744	0	601627	2
22744	0	632382	0
22744	0	686971	2
22744	0	753286	2
22752	0	122566	0
22752	0	170588	0
22752	0	193222	0
22752	0	193646	0
22752	0	198403	0
22752	0	284053	0
22752	0	386466	0
22752	0	386467	0
22752	0	391633	0
22752	0	40281	1
22752	0	40292	0
22752	0	406968	0
22752	0	406973	0
22752	0	554717	0
22752	0	703191	0
22752	0	753304	0
22752	0	753305	0
22752	0	77645	0
22766	0	231549	0
22766	0	231550	0
22766	0	237679	2
22766	0	40314	2
22766	0	40315	0
22766	0	40883	1
22766	0	40884	0
22766	0	40886	0
22766	0	430825	1
22766	0	430826	1
22766	0	442323	0
22766	0	442324	0
22766	0	610421	2
22766	0	631220	0
22766	0	752017	2
22766	0	91233	0
22778	0	206239	1
22778	0	206240	0
22778	0	246196	2
22778	0	399257	0
22778	0	399689	0
22778	0	40348	2
22778	0	40349	2
22778	0	40350	1
22778	0	448754	0
22778	0	448755	1
22778	0	585	0
22778	0	680778	3
22778	0	686825	2
22778	0	85569	1
22778	0	85570	0
22781	0	122614	0
22781	0	122615	1
22781	0	122616	1
22781	0	158667	0
22781	0	212018	2
22781	0	212224	0
22781	0	243702	0
22781	0	40356	0
22781	0	631538	2
22781	0	660590	0
22781	0	660591	0
22781	0	660592	0
22781	0	660594	0
22781	0	660595	0
22781	0	681089	0
22781	0	681090	2
22781	0	681091	3
22781	0	681092	2
22781	0	72655	0
22781	0	91229	0
22781	0	91230	0
22794	0	109587	1
22794	0	109588	2
22794	0	109589	0
22794	0	109590	2
22794	0	109591	0
22794	0	169644	0
22794	0	232076	2
22794	0	232077	3
22794	0	275903	0
22794	0	275904	2
22794	0	278761	2
22794	0	278762	2
22794	0	319127	3
22794	0	40381	2
22794	0	437506	2
22794	0	510266	3
22794	0	679167	1
22794	0	680574	0
22794	0	728461	2
22794	0	756673	2
22794	0	756675	0
22794	0	8184	0
22841	0	307850	0
22841	0	313061	0
22841	0	345628	0
22841	0	360431	1
22841	0	40496	0
22841	0	40497	0
22841	0	40498	2
22841	0	442686	0
22841	0	499196	0
22841	0	549729	0
22841	0	549730	2
22841	0	549731	2
22841	0	631351	0
22841	0	667076	0
22841	0	752197	0
22841	0	752198	1
22851	0	122689	3
22851	0	122692	0
22851	0	277767	2
22851	0	295249	0
22851	0	295251	0
22851	0	295253	0
22851	0	295257	0
22851	0	295265	1
22851	0	304656	1
22851	0	304657	1
22851	0	304665	2
22851	0	304666	0
22851	0	333062	3
22851	0	354407	0
22851	0	354408	2
22851	0	354409	3
22851	0	355297	2
22851	0	355298	0
22851	0	40514	2
22851	0	422088	2
22851	0	474507	3
22851	0	474508	1
22851	0	474509	0
22851	0	48268	0
22851	0	610790	2
22851	0	642620	0
22851	0	642621	2
22851	0	654600	2
22851	0	654601	1
22851	0	654602	0
22851	0	654604	0
22851	0	654605	3
22851	0	654606	0
22851	0	753274	3
2289	0	118428	2
2289	0	238345	2
2289	0	239459	2
2289	0	321554	1
2289	0	322725	1
2289	0	327110	2
2289	0	3381	2
2289	0	373831	0
2289	0	404342	2
2289	0	53788	0
2289	0	53789	2
2289	0	562750	1
2289	0	644355	2
2289	0	644356	2
2289	0	68286	2
2289	0	93678	2
22919	0	197862	3
22919	0	206520	2
22919	0	248057	2
22919	0	266405	3
22919	0	305357	0
22919	0	40662	0
22919	0	442120	1
22919	0	610951	0
22919	0	678551	2
22919	0	728812	3
22919	0	82537	3
22940	0	123425	0
22940	0	173679	3
22940	0	282160	1
22940	0	295206	2
22940	0	338406	0
22940	0	40705	1
22940	0	50862	0
22940	0	615777	2
22940	0	620973	0
22940	0	681106	0
22940	0	681107	2
22940	0	681109	2
22940	0	681110	0
22940	0	91075	0
22940	0	91076	0
22941	0	122641	1
22941	0	128745	0
22941	0	321924	0
22941	0	323236	0
22941	0	40706	0
22941	0	492612	0
22941	0	681118	2
22941	0	68875	0
22941	0	709079	0
22941	0	709080	0
22941	0	709081	0
22941	0	709301	2
22947	0	103934	0
22947	0	103936	0
22947	0	135733	0
22947	0	156219	0
22947	0	242949	0
22947	0	40721	0
22947	0	430977	1
22947	0	49361	0
22947	0	49365	0
22947	0	512916	0
22947	0	547890	0
22947	0	547891	0
22947	0	549957	2
22947	0	599087	1
22947	0	599088	0
22947	0	599091	0
22947	0	626478	1
22947	0	626479	0
22947	0	643649	0
22947	0	652568	1
22947	0	661041	2
22954	0	131430	0
22954	0	137975	1
22954	0	137976	2
22954	0	165631	2
22954	0	165632	1
22954	0	165633	2
22954	0	181804	2
22954	0	181805	2
22954	0	243051	1
22954	0	334401	2
22954	0	374482	0
22954	0	40740	0
22954	0	40742	1
22954	0	40743	0
22954	0	620037	2
22954	0	620038	2
22954	0	646494	1
22954	0	696335	0
22954	0	721598	2
22954	0	88078	2
22954	0	88079	3
22983	0	161739	2
22983	0	211944	2
22983	0	275871	0
22983	0	284517	0
22983	0	40797	0
22983	0	443036	3
22983	0	478537	1
22983	0	611141	0
22983	0	83765	3
22983	0	88931	3
22986	0	143136	0
22986	0	253679	0
22986	0	354538	1
22986	0	40805	3
22986	0	500571	0
22986	0	506074	0
22986	0	54536	2
22986	0	572019	1
22986	0	588791	2
22986	0	599898	0
22986	0	624833	1
22986	0	699623	0
2302	0	180013	0
2302	0	253501	0
2302	0	289392	0
2302	0	289393	3
2302	0	290977	1
2302	0	334844	1
2302	0	3399	1
2302	0	353075	1
2302	0	353076	0
2302	0	353077	0
2302	0	385770	0
2302	0	567941	0
2302	0	687337	1
23028	0	256542	0
23028	0	269746	1
23028	0	308813	0
23028	0	376355	1
23028	0	40904	0
23028	0	440809	1
23028	0	440810	0
23028	0	457906	2
23028	0	5282	0
23028	0	62236	3
23028	0	637027	1
23028	0	6723	0
23028	0	691119	1
23028	0	741129	2
23097	0	106118	0
23097	0	248139	1
23097	0	278146	1
23097	0	278147	0
23097	0	278148	0
23097	0	278149	1
23097	0	41080	0
23097	0	466749	2
23097	0	498067	0
23097	0	507517	1
23097	0	507518	0
23097	0	507519	1
23097	0	588279	2
23097	0	588280	2
23097	0	588281	0
23097	0	588282	2
23097	0	686618	0
23097	0	91412	2
23097	0	91413	0
23097	0	91414	0
23097	0	91415	1
23129	0	100424	0
23129	0	221094	0
23129	0	271676	0
23129	0	332646	2
23129	0	346230	1
23129	0	41152	0
23129	0	444601	1
23129	0	530952	0
23129	0	584752	0
23129	0	60613	0
23129	0	628529	0
23129	0	760047	1
23136	0	149399	0
23136	0	149400	0
23136	0	207021	0
23136	0	270874	0
23136	0	302969	0
23136	0	41163	0
23136	0	41164	0
23136	0	462502	2
23136	0	476439	1
23136	0	581241	2
23136	0	581242	1
23136	0	592472	2
23136	0	611400	0
23136	0	687681	1
23136	0	757488	0
23136	0	99644	0
23136	0	99645	0
23136	0	99646	0
23136	0	99647	0
23136	0	99649	0
23159	0	108488	0
23159	0	191805	0
23159	0	210253	1
23159	0	313167	0
23159	0	324037	2
23159	0	345562	1
23159	0	349529	0
23159	0	41207	1
23159	0	495194	0
23159	0	504377	0
23159	0	537647	0
23159	0	539789	0
23159	0	539790	0
23159	0	652927	1
23159	0	672364	2
23160	0	109594	0
23160	0	145784	0
23160	0	145786	2
23160	0	168439	0
23160	0	194694	0
23160	0	196056	0
23160	0	196057	0
23160	0	198850	0
23160	0	228692	0
23160	0	228693	0
23160	0	228694	0
23160	0	228695	0
23160	0	228696	1
23160	0	41209	0
23160	0	428199	0
23160	0	428200	0
23160	0	459239	0
23160	0	459240	0
23160	0	459241	0
23160	0	459242	0
23160	0	459243	0
23160	0	459244	0
23160	0	459245	0
23160	0	459246	0
23160	0	508802	0
23160	0	598217	0
23160	0	627354	0
2317	0	175316	0
2317	0	187845	1
2317	0	225441	0
2317	0	23431	0
2317	0	309294	1
2317	0	3426	0
2317	0	379837	1
2317	0	387801	0
2317	0	487490	1
2317	0	544040	0
2317	0	54714	0
2317	0	82492	0
2317	0	93731	0
23176	0	226322	0
23176	0	230500	0
23176	0	276901	2
23176	0	286325	0
23176	0	347945	0
23176	0	398622	0
23176	0	398623	0
23176	0	398624	1
23176	0	41244	2
23176	0	594234	0
23176	0	644220	0
23186	0	11348	0
23186	0	137103	1
23186	0	208035	2
23186	0	2551	0
23186	0	316642	1
23186	0	353366	2
23186	0	399137	0
23186	0	41261	2
23186	0	41262	0
23186	0	517793	0
23186	0	517802	0
23186	0	543564	0
23186	0	601223	1
23186	0	614344	0
23186	0	686827	1
23186	0	725095	0
23186	0	725097	0
23186	0	840	0
23186	0	85247	0
23239	0	127132	0
23239	0	162340	0
23239	0	172080	0
23239	0	289856	0
23239	0	373394	0
23239	0	41374	1
23239	0	43247	0
23239	0	5357	0
23239	0	707416	0
23241	0	115784	0
23241	0	229376	1
23241	0	233359	0
23241	0	322614	0
23241	0	322615	0
23241	0	322616	2
23241	0	355313	2
23241	0	358405	0
23241	0	373541	3
23241	0	373542	1
23241	0	391493	0
23241	0	403719	0
23241	0	41377	0
23241	0	41378	0
23241	0	667652	1
23241	0	717799	2
23294	0	157507	0
23294	0	157508	0
23294	0	157509	0
23294	0	184324	1
23294	0	234464	1
23294	0	234465	0
23294	0	234466	0
23294	0	234467	1
23294	0	234468	0
23294	0	234469	0
23294	0	234470	0
23294	0	234471	0
23294	0	234472	0
23294	0	253969	0
23294	0	350084	0
23294	0	350085	1
23294	0	350086	0
23294	0	350089	0
23294	0	41507	0
23294	0	442611	0
23294	0	557104	0
23294	0	563789	1
23294	0	563798	0
23294	0	563799	0
23294	0	63316	0
23294	0	667263	1
23294	0	674241	0
23294	0	747521	0
23312	0	1155	0
23312	0	138037	0
23312	0	165741	1
23312	0	165742	0
23312	0	165743	2
23312	0	254040	1
23312	0	254041	1
23312	0	254042	2
23312	0	322797	0
23312	0	322798	2
23312	0	322799	0
23312	0	374866	2
23312	0	378365	1
23312	0	378366	0
23312	0	41561	1
23312	0	446180	1
23312	0	758907	0
23312	0	88141	0
23352	0	134428	2
23352	0	160172	3
23352	0	160173	2
23352	0	250407	1
23352	0	300955	2
23352	0	300956	2
23352	0	333782	1
23352	0	333783	0
23352	0	384727	0
23352	0	41664	1
23352	0	522874	2
23352	0	578670	0
23352	0	703957	0
23352	0	750860	0
23355	0	207182	2
23355	0	245448	0
23355	0	245449	1
23355	0	245450	0
23355	0	262216	0
23355	0	262217	1
23355	0	294591	2
23355	0	41678	1
23355	0	541410	1
23355	0	541412	0
23355	0	574425	1
23355	0	660464	2
23355	0	665697	0
23355	0	694029	0
23355	0	703544	0
23355	0	91182	0
23364	0	111117	2
23364	0	167739	3
23364	0	290970	0
23364	0	303928	2
23364	0	303929	0
23364	0	41696	3
23364	0	41697	2
23364	0	475408	3
23364	0	624340	3
23364	0	624341	0
23364	0	663912	3
23364	0	701871	2
23364	0	701872	1
23364	0	752573	1
23364	0	92043	0
23377	0	158145	1
23377	0	185039	1
23377	0	321251	0
23377	0	41727	1
23377	0	463561	3
23377	0	555141	0
23377	0	585963	2
23377	0	622477	3
23377	0	712744	2
23377	0	72499	3
23381	0	286146	2
23381	0	286147	2
23381	0	291402	2
23381	0	344262	0
23381	0	41742	1
23381	0	427201	2
23381	0	514320	0
23381	0	514321	0
23381	0	562717	2
23381	0	596060	2
23381	0	598360	2
23381	0	703149	2
23393	0	124437	2
23393	0	174707	0
23393	0	212913	0
23393	0	230237	3
23393	0	230238	3
23393	0	235484	1
23393	0	405828	2
23393	0	405829	2
23393	0	41763	1
23393	0	41764	2
23393	0	422793	1
23393	0	428039	0
23393	0	92117	2
23476	0	184620	0
23476	0	184621	2
23476	0	192230	2
23476	0	222844	2
23476	0	348351	2
23476	0	41978	1
23476	0	508511	0
23476	0	534481	1
23476	0	534482	0
23476	0	534686	2
23476	0	584309	2
23476	0	641825	2
23476	0	754345	0
23476	0	80195	1
23545	0	163030	2
23545	0	163031	0
23545	0	215501	0
23545	0	285895	0
23545	0	305379	0
23545	0	338792	0
23545	0	338793	0
23545	0	356598	0
23545	0	42157	0
23545	0	42158	0
23545	0	42159	1
23545	0	42160	1
23545	0	42161	0
23545	0	441075	0
23545	0	556062	0
23545	0	556063	1
23545	0	556064	0
23545	0	556065	0
23545	0	711586	0
23545	0	720229	1
23545	0	720230	0
23545	0	720231	0
23545	0	720232	0
23545	0	720233	0
23545	0	722112	0
23545	0	744126	0
2356	0	124550	1
2356	0	15327	0
2356	0	20946	1
2356	0	20955	0
2356	0	283334	2
2356	0	283340	2
2356	0	341497	2
2356	0	3486	0
2356	0	3488	0
2356	0	366446	0
2356	0	366447	0
2356	0	366448	1
2356	0	366449	1
2356	0	405884	1
2356	0	41843	2
2356	0	669654	2
2356	0	669655	2
2356	0	714863	2
2356	0	714864	2
2356	0	719831	0
2356	0	79454	0
23578	0	103470	2
23578	0	163150	0
23578	0	163151	3
23578	0	277702	3
23578	0	410121	2
23578	0	42232	3
23578	0	498062	3
23578	0	498063	1
23578	0	525225	3
23578	0	690030	2
23578	0	693510	3
23578	0	85632	2
23603	0	132607	0
23603	0	223466	2
23603	0	223467	1
23603	0	274097	0
23603	0	330878	0
23603	0	330879	0
23603	0	395818	0
23603	0	416378	1
23603	0	42295	2
23603	0	677974	2
23603	0	704065	0
23603	0	728201	2
23603	0	87710	0
23617	0	129505	0
23617	0	197799	2
23617	0	218843	1
23617	0	218844	0
23617	0	285039	2
23617	0	411466	1
23617	0	42327	2
23617	0	427985	3
23617	0	427999	0
23617	0	467333	0
23617	0	491766	0
23617	0	552266	1
23617	0	583085	2
23617	0	601442	1
23617	0	667146	1
23617	0	667148	0
23617	0	667149	0
23617	0	688029	1
23617	0	688030	1
23617	0	98099	1
23625	0	182165	0
23625	0	202374	0
23625	0	279790	1
23625	0	395483	0
23625	0	42352	2
23625	0	476322	2
23625	0	558595	0
23625	0	56276	0
23625	0	601015	0
23625	0	664762	0
23625	0	754098	0
23646	0	158186	2
23646	0	158187	2
23646	0	178979	2
23646	0	178980	1
23646	0	208287	1
23646	0	323547	1
23646	0	42400	2
23646	0	459783	2
23646	0	509429	0
23646	0	612640	1
23646	0	689576	3
23646	0	715618	2
23704	0	139099	0
23704	0	139100	0
23704	0	139101	0
23704	0	163463	0
23704	0	311336	1
23704	0	42528	0
23704	0	502606	0
23704	0	588708	0
23704	0	639308	3
23704	0	708383	0
23704	0	708384	0
23704	0	708385	0
23704	0	729713	2
23704	0	754266	0
23714	0	317618	0
23714	0	400612	1
23714	0	406579	3
23714	0	406580	0
23714	0	42543	1
23714	0	425529	2
23714	0	430540	2
23714	0	430541	2
23714	0	444010	2
23714	0	444011	0
23714	0	474965	3
23714	0	480014	3
23714	0	525544	2
23714	0	574587	0
23714	0	92916	2
23715	0	126222	3
23715	0	189142	0
23715	0	239249	0
23715	0	361241	3
23715	0	407328	2
23715	0	407329	2
23715	0	407330	2
23715	0	407331	2
23715	0	42545	3
23715	0	550545	3
23715	0	595979	2
23715	0	608032	2
23715	0	608033	2
23715	0	665881	2
23715	0	682886	1
23715	0	88466	3
23743	0	111251	1
23743	0	142187	2
23743	0	199894	1
23743	0	213736	1
23743	0	250161	0
23743	0	340469	2
23743	0	372229	2
23743	0	42624	0
23743	0	499624	3
23743	0	515728	0
23743	0	662677	0
23743	0	720024	0
23752	0	159714	0
23752	0	159715	0
23752	0	324183	0
23752	0	42647	0
23752	0	505552	0
23752	0	505553	0
23752	0	510572	2
23752	0	510573	0
23752	0	554340	0
23752	0	559489	1
23752	0	568714	0
23752	0	596704	0
23752	0	596705	0
23752	0	641440	0
23752	0	678743	0
23752	0	691143	0
23765	0	132330	0
23765	0	132331	0
23765	0	137604	0
23765	0	246471	0
23765	0	246472	0
23765	0	253649	0
23765	0	356604	0
23765	0	356605	0
23765	0	356606	0
23765	0	42677	0
23765	0	42680	2
23765	0	42681	0
23765	0	42682	0
23765	0	42683	0
23765	0	493275	2
23765	0	526368	0
23765	0	575364	0
23765	0	575365	0
23765	0	82587	0
23765	0	82589	0
23765	0	82590	0
23765	0	87720	0
23796	0	135713	0
23796	0	135714	1
23796	0	288070	0
23796	0	288071	0
23796	0	288072	1
23796	0	288073	0
23796	0	377037	0
23796	0	42762	0
23796	0	458987	0
23796	0	458988	0
23796	0	478640	0
23796	0	510512	3
23796	0	617121	0
23796	0	647422	2
23796	0	735722	3
23818	0	129508	3
23818	0	277766	2
23818	0	324003	0
23818	0	374914	0
23818	0	412636	3
23818	0	42800	2
23818	0	481054	2
23818	0	580007	2
23818	0	667072	2
23818	0	699097	0
23818	0	699098	0
23818	0	97826	1
23851	0	163762	1
23851	0	163998	0
23851	0	163999	0
23851	0	164000	1
23851	0	164001	0
23851	0	164002	1
23851	0	213991	0
23851	0	213992	0
23851	0	213993	0
23851	0	251241	0
23851	0	310816	1
23851	0	42885	0
23851	0	42886	1
23851	0	480136	1
23851	0	480139	3
23851	0	531132	0
23851	0	531133	0
23851	0	531134	0
23851	0	531135	2
23851	0	531136	1
23851	0	631722	1
23851	0	649979	0
23851	0	649980	1
23851	0	739176	1
23851	0	739178	0
23851	0	80347	1
23868	0	161985	2
23868	0	333681	3
23868	0	355025	2
23868	0	356640	0
23868	0	356641	1
23868	0	356642	0
23868	0	356643	2
23868	0	406897	3
23868	0	42927	3
23868	0	475054	0
23868	0	633672	0
23868	0	688434	0
23868	0	693495	2
23885	0	167717	1
23885	0	279512	0
23885	0	328189	0
23885	0	392584	1
23885	0	42968	0
23885	0	459821	0
23885	0	580904	0
23885	0	616930	0
23885	0	616931	1
23885	0	730582	0
23885	0	751303	0
23894	0	212055	1
23894	0	214685	2
23894	0	214686	2
23894	0	265021	2
23894	0	387018	3
23894	0	393308	2
23894	0	42988	2
23894	0	58729	0
23894	0	695115	0
23894	0	718980	0
23894	0	740787	2
23910	0	120895	3
23910	0	168985	2
23910	0	207094	1
23910	0	43026	0
23910	0	43027	0
23910	0	43028	0
23910	0	43029	0
23910	0	43032	0
23910	0	479751	2
23910	0	569020	1
23910	0	579535	3
23910	0	613219	3
23910	0	721669	0
23910	0	727674	0
23952	0	145273	0
23952	0	189329	2
23952	0	233378	0
23952	0	233424	0
23952	0	418365	0
23952	0	43141	0
23952	0	531473	1
23952	0	596149	2
23952	0	596150	2
23952	0	645231	0
23952	0	684081	0
23952	0	6860	0
23952	0	695000	0
2397	0	100798	1
2397	0	21374	3
2397	0	214615	1
2397	0	3541	0
2397	0	3542	0
2397	0	3543	1
2397	0	3544	2
2397	0	36044	0
2397	0	438156	1
2397	0	438157	2
2397	0	452655	2
2397	0	50500	2
2397	0	50501	2
2397	0	574666	2
2397	0	577166	2
2397	0	577167	0
2397	0	577168	0
2397	0	577169	0
2397	0	577171	0
2397	0	590735	1
2397	0	611619	0
2397	0	729136	0
23980	0	124668	0
23980	0	127476	2
23980	0	188846	1
23980	0	196259	1
23980	0	356886	0
23980	0	360484	1
23980	0	43204	0
23980	0	477165	1
23980	0	605774	2
23980	0	719886	1
24038	0	204134	0
24038	0	215031	0
24038	0	215032	1
24038	0	262222	0
24038	0	262226	0
24038	0	272086	1
24038	0	349983	0
24038	0	427063	2
24038	0	43358	3
24038	0	43359	0
24038	0	43963	0
24038	0	508101	1
24038	0	523061	0
24038	0	527096	0
24038	0	527097	0
24038	0	527098	0
24038	0	527099	1
24038	0	575812	0
24038	0	62275	2
24038	0	632458	0
24040	0	155146	2
24040	0	205282	0
24040	0	218613	3
24040	0	258779	2
24040	0	43364	1
24040	0	43366	0
24040	0	43367	2
24040	0	43368	0
24040	0	499282	2
24040	0	538016	0
24040	0	580344	0
24040	0	613538	2
24040	0	634217	2
24040	0	667138	2
24040	0	724173	2
24040	0	745427	0
24042	0	112229	3
24042	0	112230	2
24042	0	233390	2
24042	0	254948	3
24042	0	407361	2
24042	0	43369	2
24042	0	489332	2
24042	0	570372	3
24042	0	62015	2
24042	0	689771	3
24042	0	714408	2
24047	0	117649	0
24047	0	119901	1
24047	0	119902	2
24047	0	119903	2
24047	0	119904	0
24047	0	119905	2
24047	0	119906	0
24047	0	119907	0
24047	0	119908	2
24047	0	119910	2
24047	0	161527	3
24047	0	161528	0
24047	0	185182	0
24047	0	185183	3
24047	0	185184	2
24047	0	235330	2
24047	0	235886	1
24047	0	243417	0
24047	0	243419	2
24047	0	283588	0
24047	0	283593	0
24047	0	283595	1
24047	0	283596	2
24047	0	283597	2
24047	0	283598	2
24047	0	283599	0
24047	0	283600	3
24047	0	43379	2
24047	0	43380	2
24047	0	449529	0
24047	0	449530	0
24047	0	449531	0
24047	0	449532	1
24047	0	546725	3
24047	0	582387	0
24047	0	634115	1
24047	0	634117	2
24047	0	643093	2
24047	0	674786	3
24047	0	714978	2
24047	0	758826	2
24050	0	138006	0
24050	0	335984	1
24050	0	364544	0
24050	0	43387	0
24050	0	450738	0
24050	0	47375	2
24050	0	500407	0
24050	0	618779	0
24050	0	634315	0
24050	0	63959	0
24052	0	236247	3
24052	0	348273	3
24052	0	372571	2
24052	0	408375	1
24052	0	43390	2
24052	0	490182	0
24052	0	527419	2
24052	0	576896	2
24052	0	716896	2
24052	0	743486	2
2408	0	124645	0
2408	0	13105	0
2408	0	174896	1
2408	0	174898	2
2408	0	174899	2
2408	0	226933	2
2408	0	296429	1
2408	0	305740	2
2408	0	3560	1
2408	0	3561	1
2408	0	3562	0
2408	0	356945	2
2408	0	487656	1
2408	0	546429	1
2408	0	546430	1
2408	0	546431	1
2408	0	9708	2
24111	0	137249	0
24111	0	175472	0
24111	0	175473	0
24111	0	2516	0
24111	0	258487	0
24111	0	347334	3
24111	0	415499	2
24111	0	415500	0
24111	0	43508	0
24111	0	51787	1
24111	0	51788	0
24111	0	51789	1
24111	0	537264	2
24111	0	537265	2
24111	0	537266	0
24111	0	537267	0
24111	0	641798	0
24111	0	641799	2
24111	0	730389	3
24122	0	119481	2
24122	0	275456	2
24122	0	293091	3
24122	0	311973	3
24122	0	38907	3
24122	0	38908	3
24122	0	407458	2
24122	0	407459	0
24122	0	43535	2
24122	0	46767	0
24122	0	46768	0
24122	0	554361	2
24122	0	554362	1
24122	0	591705	3
24122	0	93824	0
24122	0	93825	1
24143	0	101839	1
24143	0	1204	0
24143	0	143105	0
24143	0	184435	0
24143	0	365590	0
24143	0	407531	2
24143	0	407532	0
24143	0	407533	1
24143	0	526538	0
24143	0	567850	0
24143	0	580621	1
24143	0	584123	0
24143	0	584124	2
24143	0	633618	0
24143	0	755636	2
24143	0	93858	0
24186	0	162271	1
24186	0	235573	3
24186	0	235574	0
24186	0	235575	2
24186	0	246458	0
24186	0	4240	0
24186	0	43898	0
24186	0	495457	0
24186	0	633873	2
24186	0	683981	0
24186	0	683982	0
24186	0	752832	0
24186	0	753020	0
24186	0	93950	2
24186	0	93951	2
24214	0	131674	3
24214	0	155784	2
24214	0	336349	0
24214	0	43725	0
24214	0	468884	0
24214	0	518192	2
24214	0	518193	0
24214	0	52756	0
24214	0	52772	0
24214	0	52775	0
24214	0	695396	1
24214	0	695397	0
24214	0	722338	2
24214	0	73001	0
24214	0	81918	1
24225	0	324172	0
24225	0	412786	2
24225	0	43761	3
24225	0	464801	1
24225	0	532438	0
24225	0	532439	0
24225	0	559444	2
24225	0	604607	3
24225	0	633479	2
24225	0	633480	0
24225	0	633481	0
24225	0	633483	2
24225	0	683018	0
24225	0	684089	0
24225	0	722357	3
24225	0	754635	2
24285	0	261974	2
24285	0	351877	3
24285	0	357757	0
24285	0	433622	1
24285	0	43920	1
24285	0	477773	3
24285	0	552726	1
24285	0	601854	1
24285	0	607610	2
24285	0	634210	1
24285	0	634588	2
24285	0	634589	3
24285	0	634590	2
24285	0	634591	2
24285	0	683844	1
24294	0	114850	2
24294	0	146160	0
24294	0	178503	0
24294	0	324346	0
24294	0	324347	2
24294	0	338787	1
24294	0	407848	0
24294	0	43935	0
24294	0	459551	0
24294	0	508929	0
24294	0	94220	3
2430	0	102043	0
2430	0	229413	3
2430	0	252705	1
2430	0	3592	2
2430	0	370218	0
2430	0	370232	0
2430	0	421972	0
2430	0	528845	0
2430	0	569731	0
2430	0	569732	0
2430	0	569733	0
2430	0	569734	0
2430	0	569735	1
2430	0	569736	0
2430	0	569737	0
2430	0	569742	0
2430	0	574717	0
2430	0	574718	0
2430	0	577791	0
2430	0	590219	0
2430	0	651287	0
2430	0	760689	0
2430	0	81678	0
24301	0	129880	0
24301	0	129881	2
24301	0	169856	0
24301	0	235863	1
24301	0	408548	0
24301	0	417761	2
24301	0	43945	1
24301	0	530871	0
24301	0	530872	2
24301	0	530873	0
24301	0	579882	3
24301	0	64745	0
24301	0	684283	1
24301	0	684284	0
24310	0	195349	0
24310	0	215034	0
24310	0	215035	0
24310	0	215036	1
24310	0	215037	0
24310	0	245457	0
24310	0	247756	1
24310	0	247757	2
24310	0	262218	1
24310	0	298354	0
24310	0	404542	0
24310	0	43964	1
24310	0	43965	2
24310	0	753378	0
24344	0	101443	2
24344	0	139833	0
24344	0	139838	2
24344	0	178850	2
24344	0	260489	2
24344	0	265839	1
24344	0	398563	1
24344	0	431913	3
24344	0	44030	2
24344	0	44031	0
24344	0	44032	0
24344	0	477691	0
24344	0	620008	0
24344	0	620009	2
24344	0	621265	0
24344	0	657405	0
24344	0	657406	2
24344	0	657407	0
24344	0	657408	2
24344	0	657409	0
24344	0	657414	1
24344	0	657415	0
24344	0	665345	3
24344	0	672702	2
24344	0	688107	0
24344	0	89391	0
24358	0	140202	0
24358	0	190554	0
24358	0	208971	2
24358	0	226910	0
24358	0	376101	2
24358	0	44056	2
24358	0	503123	2
24358	0	589275	0
24358	0	676546	0
24358	0	684351	0
24362	0	235754	2
24362	0	255754	2
24362	0	279574	1
24362	0	407933	1
24362	0	407934	0
24362	0	44062	1
24362	0	49264	0
24362	0	558427	0
24362	0	558428	2
24362	0	634727	0
24362	0	634728	2
24362	0	634729	0
24362	0	634730	2
24362	0	724008	0
24362	0	727966	0
24362	0	755920	0
24387	0	244765	0
24387	0	247908	0
24387	0	294704	1
24387	0	305608	0
24387	0	44115	0
24387	0	44116	1
24387	0	51271	0
24387	0	527738	0
24387	0	534195	0
24387	0	614224	0
24387	0	614225	0
24387	0	619461	1
24387	0	703482	2
24407	0	246575	2
24407	0	246576	0
24407	0	253692	3
24407	0	330612	2
24407	0	44167	1
24407	0	44168	1
24407	0	586705	0
24407	0	600522	0
24407	0	629306	1
24407	0	629309	0
24407	0	634827	0
24407	0	634828	0
24407	0	638131	2
24407	0	68356	1
24407	0	68357	0
24407	0	687861	3
24412	0	176370	0
24412	0	215267	2
24412	0	215268	0
24412	0	221635	1
24412	0	263635	2
24412	0	263648	1
24412	0	277866	2
24412	0	300548	2
24412	0	336821	1
24412	0	362609	0
24412	0	362613	0
24412	0	417876	0
24412	0	44176	2
24412	0	44181	0
24412	0	44183	2
24412	0	44184	1
24412	0	44185	2
24412	0	527149	1
24412	0	545509	0
24412	0	567801	2
24412	0	650030	0
24412	0	699005	0
24412	0	699007	0
24412	0	699008	1
24412	0	699009	0
24412	0	740415	3
24412	0	758675	1
24412	0	95685	3
24435	0	147167	2
24435	0	393902	0
24435	0	393903	0
24435	0	393904	0
24435	0	393905	1
24435	0	44234	2
24435	0	443234	1
24435	0	480811	0
24435	0	557113	1
24435	0	65046	2
24435	0	739832	2
24435	0	76359	0
24435	0	975	0
24464	0	306623	2
24464	0	370895	3
24464	0	44331	2
24464	0	497918	2
24464	0	611193	2
24464	0	660587	2
24464	0	660588	1
24464	0	660589	1
24464	0	679425	3
24464	0	693336	2
24464	0	743876	2
24464	0	95706	1
24545	0	133940	1
24545	0	172216	1
24545	0	172217	0
24545	0	172218	0
24545	0	255307	1
24545	0	338318	0
24545	0	338319	0
24545	0	365222	0
24545	0	388996	0
24545	0	415608	0
24545	0	415609	2
24545	0	426527	2
24545	0	44531	0
24545	0	84153	1
24610	0	153619	0
24610	0	153620	2
24610	0	153621	1
24610	0	153622	1
24610	0	254425	0
24610	0	254426	0
24610	0	431145	2
24610	0	44690	1
24610	0	47375	0
24610	0	51135	0
24610	0	565387	0
24610	0	565388	0
24610	0	614560	0
24610	0	728953	3
24610	0	83575	1
24610	0	94801	0
24631	0	102165	2
24631	0	102166	2
24631	0	111535	0
24631	0	203809	0
24631	0	243751	2
24631	0	296198	0
24631	0	356209	0
24631	0	384125	1
24631	0	408727	2
24631	0	44743	0
24631	0	480876	2
24631	0	51931	2
24631	0	589054	1
24631	0	589169	0
24631	0	724035	0
24645	0	371539	1
24645	0	391715	0
24645	0	408559	0
24645	0	44775	2
24645	0	527613	2
24645	0	577030	1
24645	0	680591	0
24645	0	717297	0
24645	0	90490	0
24645	0	95049	0
24672	0	101288	3
24672	0	146302	0
24672	0	146303	0
24672	0	146304	1
24672	0	146305	2
24672	0	174311	2
24672	0	262761	0
24672	0	262762	0
24672	0	262763	0
24672	0	293422	2
24672	0	340637	2
24672	0	44825	0
24672	0	44826	1
24672	0	44828	2
24672	0	449291	2
24672	0	496722	2
24672	0	545471	2
24672	0	649610	0
24672	0	649611	2
24679	0	151618	0
24679	0	185211	3
24679	0	306662	0
24679	0	306663	0
24679	0	306664	2
24679	0	390377	2
24679	0	44845	0
24679	0	464939	0
24679	0	464940	3
24679	0	492982	2
24679	0	497996	0
24679	0	497997	2
24679	0	514435	0
24679	0	62886	2
24679	0	666622	0
24679	0	666623	2
24679	0	666624	0
24689	0	104576	0
24689	0	104577	0
24689	0	187715	0
24689	0	204811	0
24689	0	238503	0
24689	0	359341	0
24689	0	44882	1
24689	0	468002	0
24689	0	499875	0
24689	0	510837	0
24689	0	559867	0
24689	0	673972	0
24689	0	757419	0
24689	0	757420	3
24689	0	757421	1
2471	0	113185	0
2471	0	163535	0
2471	0	24795	0
2471	0	24796	0
2471	0	24797	0
2471	0	285029	0
2471	0	299452	0
2471	0	299453	0
2471	0	3659	0
2471	0	3660	1
2471	0	3661	0
2471	0	422857	2
2471	0	703300	0
2471	0	703301	0
2471	0	712981	0
2471	0	75083	0
24736	0	106729	0
24736	0	364916	0
24736	0	386010	0
24736	0	447115	0
24736	0	44989	2
24736	0	44990	0
24736	0	466984	1
24736	0	467018	0
24736	0	554152	0
24736	0	56390	0
24736	0	585647	0
24736	0	585649	1
24736	0	585650	3
24736	0	585651	0
24736	0	585652	0
24736	0	585653	1
24736	0	585654	1
24736	0	585655	0
24736	0	635661	0
24736	0	638223	0
24736	0	756774	0
24736	0	756775	0
24756	0	181236	0
24756	0	224896	2
24756	0	224897	2
24756	0	275538	0
24756	0	275539	0
24756	0	275540	2
24756	0	275541	0
24756	0	275542	2
24756	0	275543	0
24756	0	275544	0
24756	0	290423	2
24756	0	290424	2
24756	0	341265	1
24756	0	397244	2
24756	0	45048	0
24756	0	45049	2
24756	0	489632	3
24756	0	512476	2
24756	0	512481	3
24756	0	65800	2
24756	0	65802	0
24756	0	666041	3
24756	0	81248	3
24756	0	81254	0
24756	0	81257	2
24756	0	98406	3
24756	0	98407	2
24756	0	98408	2
24765	0	154021	0
24765	0	158908	2
24765	0	197641	0
24765	0	318484	2
24765	0	359853	3
24765	0	414861	1
24765	0	414862	2
24765	0	45068	2
24765	0	496805	0
24765	0	496806	1
24765	0	549200	0
24765	0	693473	0
24765	0	721486	2
24766	0	142747	0
24766	0	151557	2
24766	0	201718	0
24766	0	229263	0
24766	0	229264	1
24766	0	363343	1
24766	0	45069	0
24766	0	580526	0
24766	0	587562	0
24766	0	587563	0
24766	0	664520	1
24766	0	677274	0
24767	0	162086	2
24767	0	320447	0
24767	0	332430	1
24767	0	393478	1
24767	0	45070	0
24767	0	52629	1
24767	0	583241	2
24767	0	593757	0
24767	0	644073	1
24767	0	681030	0
24814	0	218049	0
24814	0	236959	0
24814	0	238153	0
24814	0	269969	0
24814	0	288172	0
24814	0	288173	0
24814	0	289453	0
24814	0	326134	2
24814	0	326135	0
24814	0	326136	0
24814	0	377152	0
24814	0	377153	0
24814	0	377154	2
24814	0	377155	0
24814	0	377156	0
24814	0	377157	0
24814	0	377158	1
24814	0	377159	0
24814	0	377160	0
24814	0	377161	0
24814	0	45201	0
24814	0	46690	2
24814	0	636318	2
24814	0	636320	2
24814	0	636321	0
24814	0	66265	2
24814	0	96126	0
24833	0	186297	3
24833	0	187386	0
24833	0	274599	0
24833	0	330509	0
24833	0	45245	0
24833	0	558266	0
24833	0	619594	2
24833	0	667649	2
24833	0	727261	2
24833	0	77468	2
24835	0	178879	3
24835	0	300222	2
24835	0	300223	2
24835	0	300224	3
24835	0	300225	1
24835	0	339667	3
24835	0	351200	2
24835	0	45250	3
24835	0	578200	2
24835	0	616340	3
24835	0	627893	2
24835	0	698410	3
24835	0	736933	3
24862	0	161348	1
24862	0	193257	1
24862	0	393278	0
24862	0	442612	3
24862	0	45315	0
24862	0	480137	0
24862	0	561498	0
24862	0	561499	0
24862	0	615478	0
24862	0	697605	0
24862	0	77553	0
24914	0	130698	0
24914	0	219134	0
24914	0	331613	2
24914	0	442562	0
24914	0	45417	1
24914	0	45420	0
24914	0	45430	0
24914	0	47167	0
24914	0	516995	0
24914	0	566525	0
24914	0	617408	0
24914	0	631179	0
24914	0	705886	0
24914	0	705887	0
24914	0	94477	0
24938	0	200076	2
24938	0	214419	0
24938	0	232810	3
24938	0	278189	1
24938	0	299858	0
24938	0	338269	0
24938	0	350160	0
24938	0	421086	0
24938	0	45500	2
24938	0	577865	0
2494	0	10641	0
2494	0	152982	3
2494	0	198942	2
2494	0	262424	0
2494	0	33970	1
2494	0	33971	0
2494	0	3699	0
2494	0	506499	0
2494	0	552880	2
2494	0	674498	3
2494	0	78825	1
2589	0	161010	2
2589	0	244706	0
2589	0	262207	0
2589	0	285692	0
2589	0	294747	0
2589	0	33530	0
2589	0	359249	0
2589	0	359259	0
2589	0	3850	0
2589	0	41530	0
2589	0	41533	0
2589	0	485932	0
2589	0	535601	1
2589	0	54250	1
2589	0	54251	1
2589	0	586605	0
2589	0	586606	0
2589	0	59726	0
2589	0	59741	0
2589	0	618276	0
2589	0	654404	1
2589	0	654405	2
2589	0	704332	0
2629	0	190337	2
2629	0	190338	0
2629	0	211233	2
2629	0	235184	2
2629	0	296738	0
2629	0	358222	0
2629	0	360283	0
2629	0	3916	0
2629	0	42283	0
2629	0	42284	0
2629	0	42285	0
2629	0	42286	0
2629	0	442559	0
2629	0	575044	0
2629	0	682604	2
2698	0	175346	0
2698	0	291986	3
2698	0	36515	0
2698	0	375534	0
2698	0	4010	0
2698	0	413266	0
2698	0	488061	0
2698	0	537103	0
2698	0	61425	0
2698	0	86666	0
2755	0	113027	1
2755	0	163091	2
2755	0	258430	0
2755	0	258431	1
2755	0	380539	0
2755	0	4086	0
2755	0	422337	0
2755	0	461162	0
2755	0	475937	0
2755	0	644752	0
2755	0	667797	3
2755	0	673404	0
2772	0	13681	0
2772	0	202668	0
2772	0	357584	0
2772	0	390070	0
2772	0	4108	0
2772	0	456657	0
2772	0	537936	0
2772	0	54563	0
2772	0	546960	2
2772	0	698690	0
2774	0	12009	0
2774	0	13466	0
2774	0	16464	0
2774	0	253730	1
2774	0	285468	0
2774	0	30351	1
2774	0	4110	0
2774	0	42501	0
2774	0	42502	1
2774	0	42504	0
2774	0	42505	0
2774	0	42506	2
2774	0	434917	0
2774	0	505867	0
2774	0	505870	0
2774	0	514655	2
2774	0	514656	0
2774	0	586707	2
2774	0	706359	0
2774	0	737734	0
2788	0	16485	2
2788	0	219853	0
2788	0	219854	0
2788	0	219855	0
2788	0	219856	2
2788	0	219857	0
2788	0	219858	0
2788	0	219859	0
2788	0	252014	0
2788	0	252017	2
2788	0	285525	2
2788	0	4130	0
2788	0	575054	1
2788	0	595632	1
2788	0	595633	0
2788	0	700928	2
2788	0	700929	0
2788	0	700930	2
2788	0	715556	0
2788	0	728106	2
2788	0	728107	0
2790	0	215378	1
2790	0	291738	0
2790	0	339249	0
2790	0	368530	0
2790	0	378637	2
2790	0	4132	1
2790	0	55728	1
2790	0	564733	0
2790	0	645092	0
2790	0	646283	2
2790	0	682870	0
2824	0	131189	2
2824	0	196448	1
2824	0	317753	0
2824	0	4182	2
2824	0	4183	0
2824	0	444986	2
2824	0	488481	0
2824	0	543503	2
2824	0	543504	1
2824	0	54650	2
2824	0	625156	3
2824	0	703056	2
2824	0	87481	2
2840	0	213596	1
2840	0	213598	0
2840	0	213599	1
2840	0	213601	2
2840	0	213602	1
2840	0	213603	3
2840	0	25336	3
2840	0	263966	3
2840	0	263967	2
2840	0	276737	3
2840	0	376103	2
2840	0	376104	0
2840	0	376105	0
2840	0	4203	3
2840	0	468383	3
2840	0	468384	2
2840	0	468385	2
2840	0	514908	1
2840	0	514913	2
2840	0	595680	3
2840	0	734746	0
2840	0	734747	2
2840	0	752184	3
2845	0	125888	0
2845	0	126839	0
2845	0	186405	1
2845	0	186408	1
2845	0	256003	2
2845	0	325962	1
2845	0	348630	2
2845	0	348631	2
2845	0	348632	3
2845	0	348633	2
2845	0	348635	0
2845	0	349964	0
2845	0	349965	2
2845	0	4211	1
2845	0	469095	0
2845	0	469096	3
2845	0	469097	2
2845	0	534773	2
2845	0	555028	0
2845	0	555040	0
2845	0	66949	2
2845	0	717014	2
2845	0	729760	0
2845	0	729811	3
2845	0	729840	2
2893	0	211093	0
2893	0	234393	0
2893	0	25832	0
2893	0	383551	3
2893	0	42684	2
2893	0	42685	0
2893	0	42686	0
2893	0	4279	2
2893	0	572140	0
2893	0	601813	2
2893	0	601817	0
2893	0	683017	0
2893	0	715744	2
2893	0	715745	0
2893	0	715746	0
2893	0	723284	0
2893	0	754619	0
2897	0	185919	2
2897	0	36788	0
2897	0	4283	0
2897	0	466934	1
2897	0	466935	1
2897	0	504668	0
2897	0	504669	0
2897	0	519223	2
2897	0	558398	1
2897	0	575367	2
2897	0	636742	0
2897	0	693356	2
2947	0	125407	2
2947	0	175340	1
2947	0	273259	0
2947	0	315602	2
2947	0	322199	0
2947	0	388764	0
2947	0	4360	0
2947	0	453959	1
2947	0	492243	0
2947	0	538009	0
2947	0	583444	1
2947	0	583446	2
2947	0	670550	0
2947	0	749467	2
2947	0	749471	0
2954	0	113628	0
2954	0	196394	2
2954	0	249527	1
2954	0	267385	0
2954	0	317748	0
2954	0	317749	2
2954	0	317750	0
2954	0	375235	0
2954	0	4367	2
2954	0	446994	3
2954	0	479556	0
2954	0	528796	1
2954	0	647636	0
2954	0	730467	1
3037	0	140764	0
3037	0	206353	1
3037	0	27048	0
3037	0	293769	0
3037	0	328347	2
3037	0	328350	0
3037	0	328351	0
3037	0	328357	1
3037	0	368853	0
3037	0	379351	0
3037	0	4483	1
3037	0	4484	1
3037	0	4485	0
3037	0	4487	0
3037	0	4488	0
3037	0	4489	0
3037	0	519694	0
3037	0	542036	0
3037	0	546441	0
3037	0	54877	0
3037	0	622154	0
3037	0	645489	0
3037	0	645490	0
3037	0	736633	0
3037	0	736634	0
3078	0	128239	2
3078	0	197189	2
3078	0	280516	1
3078	0	280517	1
3078	0	330015	0
3078	0	410008	3
3078	0	433520	2
3078	0	4539	2
3078	0	459484	3
3078	0	483159	3
3078	0	577991	3
3078	0	601756	3
3078	0	7056	3
3078	0	7057	0
3113	0	166003	0
3113	0	254397	0
3113	0	275016	3
3113	0	332461	3
3113	0	43599	2
3113	0	446640	2
3113	0	446891	0
3113	0	4598	3
3113	0	51216	0
3113	0	51217	1
3113	0	735841	0
3141	0	161213	0
3141	0	191274	2
3141	0	378184	0
3141	0	385053	0
3141	0	396765	0
3141	0	427726	0
3141	0	45828	1
3141	0	4634	0
3141	0	573595	2
3141	0	627467	0
3141	0	660992	0
3141	0	660993	0
3141	0	710989	1
3153	0	100808	0
3153	0	100812	1
3153	0	100824	0
3153	0	144253	0
3153	0	144255	0
3153	0	144258	0
3153	0	194503	0
3153	0	196683	1
3153	0	221107	0
3153	0	232545	0
3153	0	232546	0
3153	0	232547	0
3153	0	28425	2
3153	0	425127	0
3153	0	451140	0
3153	0	4655	0
3153	0	507132	0
3153	0	562386	0
3153	0	728348	0
3213	0	119809	0
3213	0	169958	0
3213	0	169959	2
3213	0	169960	0
3213	0	251967	0
3213	0	251969	0
3213	0	253360	0
3213	0	258310	0
3213	0	374081	2
3213	0	374082	0
3213	0	374292	0
3213	0	423663	0
3213	0	423664	0
3213	0	4745	2
3213	0	563161	0
3213	0	563162	0
3213	0	60020	2
3256	0	210566	1
3256	0	210567	2
3256	0	210568	3
3256	0	242599	2
3256	0	242600	1
3256	0	242601	0
3256	0	242602	0
3256	0	260807	3
3256	0	286352	0
3256	0	286353	2
3256	0	38883	0
3256	0	38884	3
3256	0	4824	1
3256	0	484467	3
3256	0	484468	3
3256	0	521898	2
3256	0	521899	3
3256	0	538588	0
3256	0	737194	0
3270	0	105212	0
3270	0	10999	0
3270	0	176162	1
3270	0	176163	2
3270	0	276530	2
3270	0	276531	2
3270	0	468150	1
3270	0	468151	0
3270	0	4842	0
3270	0	586694	1
3270	0	602322	0
3270	0	626123	1
3270	0	694692	0
3295	0	11067	2
3295	0	125917	2
3295	0	194302	2
3295	0	203716	3
3295	0	203717	0
3295	0	384835	2
3295	0	434108	0
3295	0	488949	2
3295	0	4894	2
3295	0	602378	3
3295	0	744291	3
3300	0	110176	0
3300	0	130160	0
3300	0	170102	0
3300	0	170103	0
3300	0	251446	0
3300	0	251447	0
3300	0	313205	1
3300	0	369979	0
3300	0	4899	2
3300	0	4900	0
3300	0	559023	0
3300	0	699578	0
3300	0	699579	2
3300	0	761031	0
3300	0	80383	0
3300	0	80384	0
3300	0	80385	0
3300	0	80386	3
3356	0	117884	2
3356	0	167997	0
3356	0	217580	3
3356	0	359612	2
3356	0	4977	0
3356	0	52386	0
3356	0	531734	0
3356	0	568006	1
3356	0	568007	1
3356	0	568009	1
3356	0	679457	3
3356	0	707394	0
3356	0	707395	0
3356	0	758945	0
3356	0	88192	0
3447	0	10607	0
3447	0	245057	1
3447	0	295332	1
3447	0	358770	0
3447	0	490785	3
3447	0	491387	0
3447	0	5115	2
3447	0	649901	3
3447	0	653436	0
3447	0	653438	2
3447	0	730976	0
3447	0	730977	3
3447	0	7566	0
3485	0	149903	0
3485	0	149904	0
3485	0	232762	1
3485	0	321439	0
3485	0	336958	0
3485	0	369717	0
3485	0	457712	0
3485	0	5169	2
3485	0	55536	0
3485	0	573055	3
3485	0	70021	1
3485	0	744542	0
3490	0	309457	0
3490	0	309458	2
3490	0	319487	0
3490	0	323617	0
3490	0	385444	0
3490	0	428714	0
3490	0	428715	1
3490	0	5177	1
3490	0	587548	0
3490	0	587549	0
3490	0	678761	0
3490	0	678762	2
3490	0	70288	2
3490	0	707262	2
3490	0	707263	0
3490	0	728185	0
3490	0	758226	0
3490	0	758227	0
3490	0	758228	1
3490	0	758229	0
3527	0	177794	0
3527	0	334213	0
3527	0	334214	0
3527	0	339602	0
3527	0	356241	0
3527	0	471676	0
3527	0	502568	0
3527	0	506210	0
3527	0	5238	0
3527	0	524610	1
3527	0	524611	0
3527	0	524612	0
3527	0	545607	0
3527	0	611221	0
3527	0	660622	0
3527	0	85039	0
3527	0	85040	0
3546	0	203613	0
3546	0	253954	2
3546	0	5275	2
3546	0	538825	0
3546	0	56147	1
3546	0	5858	0
3546	0	678340	0
3546	0	716771	1
3546	0	716772	0
3546	0	735257	0
3546	0	82884	0
3551	0	101195	0
3551	0	101196	0
3551	0	101197	0
3551	0	101198	0
3551	0	101199	0
3551	0	135808	1
3551	0	178785	0
3551	0	178786	0
3551	0	178787	0
3551	0	213126	0
3551	0	216888	0
3551	0	231054	0
3551	0	245169	0
3551	0	406013	0
3551	0	409569	1
3551	0	437494	0
3551	0	5282	0
3551	0	5289	0
3551	0	6723	0
3552	0	124492	2
3552	0	207521	2
3552	0	207522	2
3552	0	297774	2
3552	0	361440	3
3552	0	407292	2
3552	0	407293	2
3552	0	407294	2
3552	0	442944	0
3552	0	515918	2
3552	0	5283	0
3552	0	5284	3
3552	0	547201	2
3552	0	64485	2
3552	0	64486	3
3552	0	683688	3
3599	0	114499	0
3599	0	114500	0
3599	0	12988	0
3599	0	15293	1
3599	0	15294	0
3599	0	515770	0
3599	0	5353	1
3599	0	564723	0
3599	0	646272	0
3599	0	655863	0
3599	0	684083	2
3599	0	687971	1
3599	0	747901	0
36	0	192152	0
36	0	192153	1
36	0	280813	0
36	0	280814	0
36	0	288030	0
36	0	38331	0
36	0	408989	2
36	0	422897	0
36	0	50310	0
36	0	50311	0
36	0	528016	0
36	0	58	0
36	0	59	0
36	0	640987	0
36	0	683214	0
3642	0	227342	0
3642	0	309070	1
3642	0	349126	0
3642	0	371211	0
3642	0	417778	0
3642	0	423542	0
3642	0	5418	0
3642	0	56967	0
3642	0	6110	2
3642	0	6111	1
3642	0	653102	0
3642	0	707840	0
3642	0	72881	0
3694	0	134098	0
3694	0	134099	1
3694	0	134100	0
3694	0	305822	0
3694	0	338298	0
3694	0	497107	0
3694	0	526795	0
3694	0	526796	0
3694	0	5505	0
3694	0	615506	0
3694	0	639666	0
3694	0	689286	2
3694	0	717003	0
3703	0	191514	1
3703	0	19726	0
3703	0	2415	0
3703	0	241600	0
3703	0	241601	0
3703	0	384390	0
3703	0	422491	0
3703	0	422492	0
3703	0	472477	0
3703	0	496336	0
3703	0	5516	0
3703	0	590526	0
3703	0	677848	0
3703	0	70497	0
3703	0	70498	0
3703	0	712042	0
3703	0	7519	0
3704	0	12831	2
3704	0	209572	2
3704	0	209573	2
3704	0	382849	0
3704	0	468745	0
3704	0	518038	2
3704	0	5517	2
3704	0	636719	1
3704	0	636720	1
3704	0	66662	0
3704	0	668448	3
3704	0	88715	2
3706	0	126547	3
3706	0	176824	3
3706	0	254717	2
3706	0	298315	2
3706	0	298316	2
3706	0	298317	1
3706	0	44256	2
3706	0	5519	3
3706	0	602956	3
3706	0	652322	3
3706	0	660169	1
3706	0	660170	2
3706	0	91095	3
3726	0	108563	0
3726	0	153964	0
3726	0	153965	0
3726	0	153968	0
3726	0	153969	0
3726	0	153970	0
3726	0	153971	0
3726	0	158622	0
3726	0	158623	1
3726	0	185408	0
3726	0	2516	0
3726	0	275375	0
3726	0	496183	0
3726	0	5547	1
3726	0	666755	0
3726	0	687737	2
3726	0	687739	0
3726	0	70313	0
3726	0	716870	0
3747	0	287070	0
3747	0	287071	0
3747	0	328681	0
3747	0	361492	2
3747	0	376019	0
3747	0	519380	0
3747	0	5571	3
3747	0	55907	0
3747	0	638325	0
3747	0	707838	1
3747	0	747309	0
3762	0	107770	0
3762	0	10782	2
3762	0	138101	2
3762	0	138102	1
3762	0	372106	2
3762	0	527050	1
3762	0	55308	1
3762	0	5589	2
3762	0	5590	0
3762	0	645928	1
3762	0	670451	0
3762	0	68793	1
3762	0	695706	2
3762	0	99556	1
3762	0	99557	2
3764	0	172980	3
3764	0	198291	2
3764	0	198292	0
3764	0	223700	1
3764	0	248512	2
3764	0	261966	3
3764	0	341760	2
3764	0	5593	0
3764	0	596943	3
3764	0	646463	2
3764	0	647489	3
3770	0	318934	0
3770	0	318935	1
3770	0	344968	0
3770	0	379761	0
3770	0	38585	0
3770	0	411625	0
3770	0	553693	0
3770	0	5600	0
3770	0	600048	0
3770	0	600049	0
3770	0	600050	0
3770	0	600051	2
3770	0	600053	0
3770	0	600054	0
3770	0	600055	0
3770	0	668244	0
3770	0	668252	0
3770	0	708434	0
3770	0	717090	0
3770	0	88793	1
3770	0	88794	1
3789	0	156572	2
3789	0	269433	0
3789	0	281619	2
3789	0	281620	0
3789	0	308512	0
3789	0	308513	1
3789	0	308514	0
3789	0	308515	0
3789	0	308517	0
3789	0	473147	2
3789	0	473148	0
3789	0	473149	1
3789	0	473150	0
3789	0	490465	1
3789	0	490466	0
3789	0	490468	0
3789	0	497629	1
3789	0	541485	2
3789	0	541489	0
3789	0	5622	0
3789	0	5623	0
3789	0	5624	0
3789	0	56485	2
3789	0	56486	1
3789	0	6196	0
3789	0	644688	2
3789	0	644696	0
3789	0	679006	1
3789	0	717125	0
3789	0	717126	0
3796	0	286360	0
3796	0	301727	0
3796	0	329819	2
3796	0	380672	1
3796	0	458113	0
3796	0	5638	0
3796	0	646512	0
3796	0	648763	2
3796	0	699996	0
3796	0	79072	0
3798	0	11091	2
3798	0	119643	1
3798	0	15511	0
3798	0	215147	2
3798	0	334509	2
3798	0	376090	2
3798	0	520798	2
3798	0	5640	3
3798	0	581890	3
3798	0	689168	2
3798	0	715106	2
3800	0	206058	2
3800	0	408437	0
3800	0	457933	1
3800	0	457934	0
3800	0	492021	0
3800	0	497793	0
3800	0	561875	0
3800	0	5641	0
3800	0	5642	0
3800	0	634716	0
3800	0	85198	0
3800	0	90497	0
3801	0	116578	2
3801	0	357911	2
3801	0	408666	0
3801	0	506867	3
3801	0	547337	0
3801	0	5643	2
3801	0	596997	3
3801	0	706635	2
3801	0	708320	0
3801	0	708330	1
3801	0	757596	2
3824	0	101017	2
3824	0	109354	0
3824	0	157322	1
3824	0	171805	0
3824	0	171806	2
3824	0	274226	2
3824	0	340653	2
3824	0	364740	2
3824	0	402756	0
3824	0	428859	2
3824	0	428862	1
3824	0	428863	1
3824	0	45175	0
3824	0	5678	3
3824	0	569472	2
3824	0	605192	2
3824	0	651396	0
3824	0	65698	2
3837	0	293313	2
3837	0	30189	0
3837	0	311654	0
3837	0	387273	0
3837	0	423788	0
3837	0	484595	2
3837	0	5692	1
3837	0	626451	0
3837	0	626452	0
3837	0	681459	2
3837	0	727227	2
3885	0	213734	2
3885	0	277482	2
3885	0	277483	0
3885	0	391325	2
3885	0	393512	0
3885	0	448571	1
3885	0	448572	0
3885	0	478836	0
3885	0	530107	0
3885	0	530108	0
3885	0	5766	1
3885	0	5767	0
3885	0	643868	0
3885	0	648909	0
3885	0	648911	0
3885	0	699347	0
3885	0	699348	0
3885	0	77179	0
3885	0	77180	2
3885	0	87612	0
3899	0	108910	0
3899	0	113645	0
3899	0	145754	0
3899	0	145760	0
3899	0	145763	1
3899	0	163693	0
3899	0	195872	2
3899	0	285032	2
3899	0	287334	1
3899	0	490656	1
3899	0	576784	3
3899	0	576785	1
3899	0	5788	2
3899	0	5789	2
3899	0	5790	0
3899	0	658483	0
3899	0	7566	0
3917	0	114977	1
3917	0	122168	1
3917	0	122185	1
3917	0	122186	2
3917	0	20458	2
3917	0	20462	1
3917	0	20463	0
3917	0	20464	1
3917	0	20465	2
3917	0	20466	1
3917	0	20467	1
3917	0	301494	0
3917	0	301495	0
3917	0	325885	0
3917	0	370831	2
3917	0	370832	2
3917	0	370833	1
3917	0	406475	2
3917	0	408745	1
3917	0	423769	0
3917	0	425274	3
3917	0	570394	2
3917	0	576808	2
3917	0	5812	1
3917	0	5813	2
3917	0	611054	2
3917	0	619050	2
3917	0	633369	0
3917	0	70719	0
3917	0	70723	0
3917	0	70724	0
3917	0	70725	0
3917	0	70727	0
3917	0	70729	1
3917	0	70730	1
3969	0	105471	0
3969	0	162528	1
3969	0	162529	0
3969	0	162530	0
3969	0	162531	0
3969	0	162532	2
3969	0	162533	2
3969	0	212726	1
3969	0	246914	2
3969	0	246915	1
3969	0	263578	0
3969	0	263579	0
3969	0	263580	1
3969	0	263581	2
3969	0	360337	2
3969	0	489933	3
3969	0	5884	3
3969	0	651778	1
3969	0	651779	2
3969	0	693777	0
3969	0	693984	1
3969	0	693987	2
3969	0	99827	1
3969	0	99828	2
3981	0	126916	0
3981	0	150374	0
3981	0	200325	0
3981	0	33955	0
3981	0	35462	0
3981	0	408709	0
3981	0	408710	0
3981	0	433070	0
3981	0	433071	2
3981	0	5909	0
3981	0	5910	1
3981	0	621716	0
3981	0	621717	0
3981	0	68934	0
3981	0	758594	2
3988	0	197878	0
3988	0	204762	0
3988	0	386949	0
3988	0	436031	0
3988	0	57103	2
3988	0	57104	0
3988	0	5919	0
3988	0	597270	0
3988	0	597271	2
3988	0	646787	0
3988	0	668239	2
3988	0	729581	0
3988	0	78134	0
4004	0	128074	0
4004	0	128075	0
4004	0	128076	0
4004	0	192428	0
4004	0	192430	0
4004	0	194607	0
4004	0	194610	0
4004	0	206006	1
4004	0	244755	0
4004	0	244757	0
4004	0	244758	0
4004	0	244759	1
4004	0	287185	0
4004	0	366923	1
4004	0	388051	0
4004	0	388052	1
4004	0	507471	3
4004	0	556284	0
4004	0	556285	0
4004	0	556286	0
4004	0	556288	0
4004	0	556289	0
4004	0	556290	0
4004	0	556291	0
4004	0	5953	0
4004	0	5954	1
4004	0	653882	3
4004	0	699585	2
4004	0	79928	0
4060	0	124612	0
4060	0	255225	0
4060	0	255226	1
4060	0	255228	1
4060	0	255229	1
4060	0	255230	0
4060	0	255231	1
4060	0	255232	0
4060	0	255233	0
4060	0	278123	1
4060	0	278124	1
4060	0	278125	1
4060	0	356410	0
4060	0	356411	0
4060	0	356414	2
4060	0	356415	2
4060	0	356416	0
4060	0	356417	2
4060	0	356418	0
4060	0	356419	1
4060	0	356420	1
4060	0	356421	0
4060	0	367691	0
4060	0	394709	0
4060	0	394711	1
4060	0	394712	2
4060	0	394713	0
4060	0	458474	1
4060	0	507105	2
4060	0	6032	0
4060	0	632738	0
4060	0	632739	1
4060	0	65442	0
4060	0	714920	0
4060	0	714921	0
4060	0	714922	2
4060	0	714923	0
4060	0	714924	0
4060	0	714925	0
4060	0	714926	1
4060	0	74690	2
4060	0	748794	0
4060	0	761725	0
4062	0	110611	2
4062	0	177360	1
4062	0	231441	0
4062	0	231442	0
4062	0	260360	0
4062	0	260361	2
4062	0	314772	2
4062	0	382490	0
4062	0	382492	1
4062	0	382493	2
4062	0	382495	0
4062	0	423971	1
4062	0	592137	1
4062	0	60317	0
4062	0	6034	2
4062	0	753606	1
4119	0	137091	2
4119	0	177457	2
4119	0	186695	2
4119	0	186699	0
4119	0	187443	0
4119	0	187444	0
4119	0	187445	2
4119	0	187446	1
4119	0	359531	0
4119	0	359533	1
4119	0	370452	1
4119	0	48482	2
4119	0	539755	0
4119	0	539756	0
4119	0	539758	1
4119	0	6109	0
4119	0	618732	3
4119	0	729772	2
4119	0	89362	0
4135	0	102863	0
4135	0	224860	0
4135	0	381090	1
4135	0	444386	0
4135	0	462986	0
4135	0	486708	0
4135	0	5286	0
4135	0	569925	0
4135	0	569926	0
4135	0	601421	0
4135	0	6132	0
4135	0	619765	1
4135	0	635666	0
4135	0	745654	1
4137	0	142800	3
4137	0	154944	3
4137	0	378439	3
4137	0	439849	0
4137	0	460321	2
4137	0	505780	0
4137	0	539230	0
4137	0	592476	0
4137	0	596526	2
4137	0	6134	2
4137	0	622924	2
4137	0	638175	1
4176	0	236356	3
4176	0	37300	3
4176	0	44651	1
4176	0	49439	0
4176	0	54651	0
4176	0	619657	0
4176	0	6211	2
4176	0	624899	3
4176	0	635270	0
4176	0	684920	2
4176	0	684921	0
4176	0	717709	3
4188	0	177585	0
4188	0	290236	0
4188	0	370546	0
4188	0	458461	0
4188	0	59702	0
4188	0	6223	2
4188	0	688117	2
4188	0	688118	2
4188	0	736865	0
4188	0	9471	0
4188	0	98271	0
4203	0	121625	3
4203	0	121626	3
4203	0	159904	1
4203	0	352511	3
4203	0	352512	0
4203	0	38926	0
4203	0	38927	2
4203	0	38928	2
4203	0	490532	1
4203	0	496130	2
4203	0	496131	2
4203	0	496132	2
4203	0	496133	2
4203	0	496134	2
4203	0	496135	3
4203	0	6250	2
4203	0	6251	0
4203	0	6252	2
4203	0	679143	2
4203	0	679144	2
4203	0	679145	3
4203	0	684627	2
4203	0	684628	2
4203	0	729970	2
4203	0	729971	2
4203	0	729972	2
4224	0	171473	2
4224	0	198698	3
4224	0	224104	1
4224	0	243663	2
4224	0	340845	2
4224	0	394934	2
4224	0	400494	3
4224	0	509869	1
4224	0	6292	3
4224	0	738147	2
4224	0	76612	1
4229	0	106854	0
4229	0	390341	0
4229	0	417292	0
4229	0	458534	0
4229	0	577286	0
4229	0	6302	3
4229	0	667219	0
4229	0	667220	0
4229	0	685025	1
4229	0	692128	0
4229	0	731120	0
4229	0	95585	2
4229	0	95586	3
4232	0	2103	0
4232	0	2108	0
4232	0	237189	2
4232	0	263185	0
4232	0	287823	0
4232	0	287825	0
4232	0	29650	1
4232	0	313913	1
4232	0	426485	0
4232	0	461942	1
4232	0	5639	0
4232	0	624018	1
4232	0	624019	0
4232	0	624020	3
4232	0	627193	2
4232	0	6306	0
4232	0	6307	1
4232	0	718014	0
4232	0	92851	0
4245	0	147377	0
4245	0	215764	0
4245	0	29166	0
4245	0	339946	0
4245	0	416216	0
4245	0	510771	0
4245	0	510772	2
4245	0	52768	1
4245	0	570353	0
4245	0	570902	1
4245	0	6334	0
4245	0	651795	0
4245	0	701683	0
4245	0	701684	0
4245	0	78204	0
4245	0	90537	0
426	0	227924	1
426	0	229425	2
426	0	268715	2
426	0	318668	1
426	0	318669	0
426	0	318670	0
426	0	318672	2
426	0	37552	1
426	0	380479	0
426	0	447838	0
426	0	595972	2
426	0	595973	0
426	0	621	2
426	0	658649	1
426	0	658650	2
426	0	708565	2
426	0	715990	2
4266	0	210464	0
4266	0	210465	0
4266	0	210466	0
4266	0	210467	0
4266	0	210468	2
4266	0	210469	0
4266	0	210470	2
4266	0	210471	0
4266	0	260725	1
4266	0	370330	0
4266	0	512037	2
4266	0	512038	0
4266	0	577305	1
4266	0	577306	1
4266	0	577307	0
4266	0	577308	0
4266	0	577309	2
4266	0	609127	0
4266	0	609128	2
4266	0	6368	2
4266	0	658974	1
4266	0	695713	2
4266	0	89630	0
4266	0	89631	0
4283	0	236494	1
4283	0	36021	1
4283	0	38318	0
4283	0	38321	1
4283	0	467975	2
4283	0	467976	1
4283	0	490424	2
4283	0	517287	2
4283	0	517288	1
4283	0	548398	2
4283	0	6393	0
4283	0	6394	2
4283	0	667541	3
4283	0	717663	1
4283	0	717664	0
4283	0	717886	2
4301	0	198465	2
4301	0	257292	0
4301	0	257293	0
4301	0	352080	0
4301	0	371331	2
4301	0	371332	0
4301	0	379329	2
4301	0	379330	2
4301	0	428902	0
4301	0	455045	3
4301	0	539883	0
4301	0	6426	0
4301	0	647266	2
4301	0	65198	0
4302	0	143510	0
4302	0	150691	2
4302	0	22620	0
4302	0	236585	2
4302	0	319840	1
4302	0	336041	2
4302	0	34135	0
4302	0	506471	1
4302	0	6428	0
4302	0	717927	0
4338	0	148907	2
4338	0	160811	0
4338	0	160812	0
4338	0	26231	0
4338	0	353467	0
4338	0	386411	1
4338	0	392952	2
4338	0	473685	1
4338	0	473686	1
4338	0	522813	0
4338	0	635739	2
4338	0	6489	2
4338	0	700978	0
4338	0	734073	2
4338	0	83279	0
4352	0	161074	1
4352	0	18156	0
4352	0	18157	0
4352	0	18158	2
4352	0	18159	1
4352	0	219578	2
4352	0	244614	0
4352	0	251729	2
4352	0	251730	2
4352	0	27558	2
4352	0	284043	2
4352	0	284046	2
4352	0	377708	2
4352	0	565485	0
4352	0	566946	2
4352	0	609432	0
4352	0	6515	2
4352	0	724589	0
4352	0	724595	0
4352	0	741077	2
4371	0	114879	2
4371	0	176058	2
4371	0	358779	0
4371	0	44875	0
4371	0	597124	2
4371	0	646245	2
4371	0	64699	1
4371	0	6545	1
4371	0	717440	2
4371	0	717441	0
4371	0	95233	0
4397	0	104269	2
4397	0	132525	1
4397	0	154085	0
4397	0	159330	0
4397	0	296603	0
4397	0	298231	0
4397	0	417811	2
4397	0	467362	0
4397	0	467970	0
4397	0	496377	0
4397	0	507350	0
4397	0	542626	0
4397	0	6583	2
4425	0	159753	2
4425	0	281106	2
4425	0	40344	0
4425	0	539514	1
4425	0	540027	0
4425	0	569198	0
4425	0	6634	0
4425	0	6635	1
4425	0	69402	2
4425	0	747679	0
4455	0	110860	0
4455	0	110861	0
4455	0	159191	0
4455	0	231765	2
4455	0	236794	2
4455	0	358753	0
4455	0	60590	2
4455	0	60591	0
4455	0	6676	3
4455	0	669109	2
4455	0	723619	1
4455	0	78413	0
4466	0	109066	3
4466	0	11877	3
4466	0	203811	2
4466	0	241927	1
4466	0	281995	2
4466	0	585619	2
4466	0	667291	2
4466	0	6691	3
4466	0	680105	1
4466	0	753215	2
447	0	166807	1
447	0	166811	1
447	0	166812	0
447	0	166813	2
447	0	166814	1
447	0	234699	1
447	0	234704	0
447	0	235607	2
447	0	299926	0
447	0	317959	2
447	0	329082	0
447	0	359639	1
447	0	359640	0
447	0	359641	0
447	0	43680	2
447	0	596699	0
447	0	596700	1
447	0	596701	1
447	0	618445	2
447	0	641699	2
447	0	641701	0
447	0	641702	1
447	0	64503	0
447	0	647621	1
447	0	647622	0
447	0	647623	1
447	0	649	0
447	0	758774	1
4515	0	178128	0
4515	0	182604	0
4515	0	182605	0
4515	0	182608	0
4515	0	182609	0
4515	0	182610	1
4515	0	182611	0
4515	0	182614	0
4515	0	182615	0
4515	0	206483	0
4515	0	206484	0
4515	0	206485	0
4515	0	206486	0
4515	0	206487	0
4515	0	206488	0
4515	0	206489	0
4515	0	206490	0
4515	0	22932	0
4515	0	330209	0
4515	0	330213	1
4515	0	408956	0
4515	0	413613	0
4515	0	458456	0
4515	0	490862	0
4515	0	490863	0
4515	0	539622	0
4515	0	6775	0
4515	0	6776	0
4515	0	752634	0
452	0	102143	0
452	0	141686	0
452	0	141687	0
452	0	2672	1
452	0	41052	0
452	0	41053	0
452	0	41054	0
452	0	571748	0
452	0	573846	0
452	0	573847	2
452	0	573848	0
452	0	573849	0
452	0	663	2
452	0	723584	0
452	0	741600	0
452	0	91976	0
452	0	91977	0
455	0	10525	3
455	0	116185	0
455	0	324002	3
455	0	375397	0
455	0	375398	3
455	0	437131	1
455	0	479062	2
455	0	591729	0
455	0	593974	1
455	0	597622	0
455	0	597623	0
455	0	666	2
455	0	683852	2
4561	0	198797	0
4561	0	221979	1
4561	0	272545	0
4561	0	452473	1
4561	0	479568	1
4561	0	479569	1
4561	0	560902	0
4561	0	598163	1
4561	0	598164	1
4561	0	670532	0
4561	0	6844	2
4561	0	90086	1
4561	0	90087	0
4588	0	167838	0
4588	0	167839	0
4588	0	167840	0
4588	0	200385	0
4588	0	289349	2
4588	0	481156	0
4588	0	586359	0
4588	0	616922	0
4588	0	616923	2
4588	0	681775	0
4588	0	6886	2
4588	0	732079	0
4588	0	8444	0
4588	0	8445	2
461	0	115850	1
461	0	282866	2
461	0	314102	2
461	0	512170	0
461	0	512171	2
461	0	630833	0
461	0	641721	2
461	0	641722	0
461	0	674	3
461	0	679467	0
461	0	681921	2
461	0	711376	0
461	0	712916	2
4650	0	188708	1
4650	0	237065	0
4650	0	242211	0
4650	0	270671	3
4650	0	431844	0
4650	0	469671	0
4650	0	491050	0
4650	0	491051	2
4650	0	491053	0
4650	0	491054	0
4650	0	491055	1
4650	0	491056	2
4650	0	491057	2
4650	0	491058	0
4650	0	491059	0
4650	0	491060	0
4650	0	60051	0
4650	0	657981	0
4650	0	6978	0
4650	0	6979	0
4650	0	741184	0
4656	0	178358	3
4656	0	178359	0
4656	0	231401	1
4656	0	39726	0
4656	0	491122	1
4656	0	539878	0
4656	0	539879	0
4656	0	539880	3
4656	0	539881	2
4656	0	543200	1
4656	0	580388	3
4656	0	662152	0
4656	0	6990	0
4656	0	71823	2
4696	0	136255	0
4696	0	146286	2
4696	0	186996	0
4696	0	186997	0
4696	0	227672	0
4696	0	227673	0
4696	0	278224	0
4696	0	278226	3
4696	0	305807	2
4696	0	356471	0
4696	0	372782	0
4696	0	379942	0
4696	0	591707	3
4696	0	635821	0
4696	0	635822	0
4696	0	635823	0
4696	0	635825	0
4696	0	635826	0
4696	0	7049	0
4696	0	738824	0
4696	0	759789	1
471	0	127005	0
471	0	127006	0
471	0	150177	0
471	0	234032	0
471	0	255069	1
471	0	330841	0
471	0	33463	0
471	0	485486	1
471	0	571917	0
471	0	687	1
471	0	759146	0
471	0	77151	0
471	0	77152	0
471	0	96378	0
4727	0	236405	0
4727	0	269839	0
4727	0	32056	0
4727	0	39511	0
4727	0	541519	0
4727	0	548758	0
4727	0	590872	0
4727	0	590873	2
4727	0	672634	0
4727	0	672635	2
4727	0	672636	0
4727	0	7099	0
4727	0	7100	2
4727	0	751173	0
4731	0	169648	0
4731	0	169649	0
4731	0	219869	2
4731	0	219870	0
4731	0	238125	2
4731	0	450130	2
4731	0	500370	0
4731	0	545958	0
4731	0	680469	0
4731	0	7107	0
4731	0	7108	2
4731	0	90375	0
4731	0	90983	0
4731	0	95258	0
4771	0	228858	1
4771	0	233796	0
4771	0	249215	0
4771	0	249219	0
4771	0	249222	2
4771	0	27261	0
4771	0	424749	0
4771	0	424750	1
4771	0	424752	0
4771	0	424755	0
4771	0	424756	0
4771	0	424758	2
4771	0	424759	0
4771	0	474075	1
4771	0	514167	2
4771	0	620870	0
4771	0	641617	1
4771	0	702984	1
4771	0	713042	0
4771	0	713050	0
4771	0	7169	1
4771	0	7170	2
4771	0	7171	2
4771	0	7172	0
4771	0	724378	1
4771	0	751943	1
4771	0	751944	1
4863	0	114106	0
4863	0	142351	2
4863	0	297772	2
4863	0	437260	2
4863	0	511902	0
4863	0	630577	2
4863	0	648180	1
4863	0	684910	2
4863	0	694696	2
4863	0	7325	1
4913	0	112589	2
4913	0	122293	0
4913	0	146306	0
4913	0	146307	0
4913	0	146309	1
4913	0	196481	0
4913	0	207879	0
4913	0	267146	0
4913	0	267147	1
4913	0	268148	0
4913	0	485324	1
4913	0	48623	0
4913	0	486330	2
4913	0	486333	0
4913	0	545624	1
4913	0	546018	0
4913	0	546019	0
4913	0	586909	2
4913	0	595228	1
4913	0	7392	0
4913	0	7393	1
4913	0	7394	1
4914	0	337042	2
4914	0	538983	0
4914	0	55684	0
4914	0	588127	0
4914	0	588128	0
4914	0	598723	2
4914	0	625911	0
4914	0	625912	0
4914	0	643173	1
4914	0	643174	0
4914	0	643175	1
4914	0	643176	0
4914	0	707923	0
4914	0	7395	0
4914	0	7396	0
4914	0	7397	1
4914	0	7398	0
4914	0	7401	0
4914	0	83313	0
4917	0	103581	0
4917	0	103582	2
4917	0	149438	2
4917	0	181120	0
4917	0	181121	3
4917	0	357804	3
4917	0	372408	3
4917	0	579963	3
4917	0	693491	0
4917	0	693605	0
4917	0	718889	3
4917	0	7402	3
4917	0	744101	3
493	0	319830	1
493	0	319831	1
493	0	34504	0
493	0	364930	1
493	0	565964	2
493	0	566521	0
493	0	597789	0
493	0	6472	1
493	0	6473	1
493	0	691492	2
493	0	710859	1
493	0	717958	0
493	0	717960	1
493	0	717961	2
493	0	717962	0
493	0	717963	0
493	0	720	0
493	0	83938	0
493	0	83939	1
4941	0	273356	0
4941	0	315416	0
4941	0	339261	0
4941	0	346035	3
4941	0	395058	0
4941	0	395059	2
4941	0	459809	0
4941	0	459810	2
4941	0	483811	2
4941	0	631140	1
4941	0	742895	2
4941	0	7444	0
4955	0	138950	2
4955	0	17902	2
4955	0	256597	0
4955	0	256600	0
4955	0	39231	0
4955	0	395577	0
4955	0	477284	3
4955	0	501878	0
4955	0	582563	0
4955	0	7473	0
4955	0	83755	1
4955	0	90785	0
4966	0	184869	0
4966	0	344097	0
4966	0	429837	1
4966	0	47861	0
4966	0	547160	1
4966	0	596298	0
4966	0	707069	2
4966	0	716361	0
4966	0	722797	3
4966	0	7485	0
4966	0	749483	1
4966	0	96910	0
5007	0	174435	3
5007	0	289408	1
5007	0	295963	0
5007	0	41475	3
5007	0	566806	1
5007	0	57766	1
5007	0	660532	2
5007	0	681831	2
5007	0	736628	1
5007	0	736629	2
5007	0	7543	2
5014	0	225103	3
5014	0	287999	2
5014	0	359158	3
5014	0	397419	2
5014	0	404424	2
5014	0	585942	0
5014	0	635905	2
5014	0	635906	3
5014	0	668704	2
5014	0	685978	3
5014	0	702787	1
5014	0	732839	1
5014	0	7553	0
5022	0	164788	2
5022	0	164789	0
5022	0	178939	2
5022	0	357601	2
5022	0	357602	2
5022	0	477637	0
5022	0	558157	0
5022	0	558158	2
5022	0	564165	2
5022	0	686308	0
5022	0	736668	0
5022	0	755692	0
5022	0	7570	3
5046	0	139733	3
5046	0	276695	3
5046	0	295721	0
5046	0	295722	3
5046	0	447896	2
5046	0	555478	2
5046	0	578305	0
5046	0	578306	0
5046	0	578307	3
5046	0	615912	3
5046	0	615913	0
5046	0	671455	3
5046	0	675927	2
5046	0	675928	2
5046	0	675929	2
5046	0	7596	0
5046	0	84589	0
5046	0	84590	0
5064	0	168148	0
5064	0	251044	0
5064	0	327101	1
5064	0	327102	0
5064	0	454608	0
5064	0	460573	0
5064	0	517944	0
5064	0	549242	0
5064	0	549243	0
5064	0	737988	0
5064	0	7618	0
5064	0	92544	0
5095	0	125806	0
5095	0	199654	0
5095	0	205197	0
5095	0	244265	2
5095	0	448607	1
5095	0	45997	1
5095	0	46004	1
5095	0	52623	0
5095	0	565364	0
5095	0	57656	0
5095	0	681031	3
5095	0	725908	1
5095	0	731352	1
5095	0	7663	0
5095	0	7664	0
5095	0	7665	0
5095	0	7666	0
5095	0	7668	2
5095	0	7671	0
5095	0	7672	0
5124	0	228995	0
5124	0	235699	0
5124	0	348468	0
5124	0	409883	0
5124	0	434780	2
5124	0	500090	1
5124	0	51256	0
5124	0	51257	0
5124	0	570455	0
5124	0	610156	1
5124	0	681693	1
5124	0	719238	0
5124	0	719239	0
5124	0	72568	1
5124	0	7713	1
5124	0	85904	0
5124	0	87125	0
5155	0	140814	0
5155	0	140815	1
5155	0	15511	0
5155	0	375714	0
5155	0	375715	0
5155	0	375716	0
5155	0	375717	0
5155	0	565366	0
5155	0	58010	0
5155	0	648574	0
5155	0	648575	0
5155	0	735140	0
5155	0	7765	0
5155	0	85774	0
5155	0	85775	0
5155	0	91092	1
5159	0	104208	0
5159	0	1850	0
5159	0	306921	0
5159	0	415824	0
5159	0	519440	0
5159	0	557447	1
5159	0	604259	1
5159	0	677259	0
5159	0	717604	0
5159	0	727464	1
5159	0	7774	0
5172	0	128785	0
5172	0	134088	1
5172	0	153999	0
5172	0	201764	0
5172	0	217284	0
5172	0	235086	0
5172	0	238106	0
5172	0	389531	0
5172	0	410723	1
5172	0	578682	0
5172	0	641750	1
5172	0	641756	0
5172	0	7791	0
5176	0	199717	3
5176	0	208803	2
5176	0	293311	3
5176	0	293312	0
5176	0	304135	3
5176	0	382294	1
5176	0	382295	2
5176	0	387510	0
5176	0	449001	3
5176	0	464096	0
5176	0	648604	3
5176	0	652442	2
5176	0	7795	1
5176	0	7796	3
5188	0	162019	2
5188	0	206292	0
5188	0	206498	2
5188	0	361787	0
5188	0	436890	0
5188	0	473404	0
5188	0	487023	1
5188	0	562140	0
5188	0	74489	0
5188	0	7827	0
5188	0	94885	0
5188	0	95158	0
5300	0	129018	2
5300	0	129019	0
5300	0	129020	0
5300	0	129021	0
5300	0	19274	2
5300	0	19275	0
5300	0	321348	2
5300	0	492055	1
5300	0	498859	0
5300	0	549638	0
5300	0	580006	2
5300	0	666735	0
5300	0	666736	1
5300	0	666737	0
5300	0	8005	1
5300	0	97437	1
5300	0	97438	0
5300	0	97439	2
5300	0	97440	0
5305	0	198695	1
5305	0	199930	0
5305	0	199931	1
5305	0	199932	2
5305	0	201116	1
5305	0	201117	0
5305	0	238095	1
5305	0	238096	0
5305	0	261205	2
5305	0	285876	2
5305	0	288749	2
5305	0	322542	1
5305	0	513501	0
5305	0	513502	2
5305	0	523154	3
5305	0	523155	2
5305	0	537354	0
5305	0	632360	2
5305	0	632361	2
5305	0	632363	2
5305	0	681678	2
5305	0	8013	2
5307	0	121541	2
5307	0	199981	2
5307	0	199982	1
5307	0	199984	2
5307	0	199985	0
5307	0	205179	2
5307	0	205180	2
5307	0	297248	3
5307	0	405028	2
5307	0	418487	0
5307	0	525803	2
5307	0	525804	2
5307	0	607076	2
5307	0	727390	3
5307	0	8015	3
5307	0	91344	0
5330	0	187738	0
5330	0	221100	1
5330	0	258744	1
5330	0	263183	0
5330	0	356013	3
5330	0	633112	2
5330	0	633113	2
5330	0	661446	2
5330	0	71161	2
5330	0	71162	1
5330	0	71163	0
5330	0	71164	1
5330	0	732	0
5330	0	8048	2
5341	0	179450	0
5341	0	199320	0
5341	0	278452	1
5341	0	288860	0
5341	0	288861	0
5341	0	288863	0
5341	0	288864	0
5341	0	3370	0
5341	0	377077	0
5341	0	377078	1
5341	0	382340	0
5341	0	426659	0
5341	0	426660	0
5341	0	431662	0
5341	0	575690	0
5341	0	58314	0
5341	0	8062	0
537	0	114136	1
537	0	164192	0
537	0	344852	0
537	0	392062	0
537	0	392063	0
537	0	395558	1
537	0	473725	1
537	0	497431	0
537	0	511355	1
537	0	560291	0
537	0	777	0
5410	0	264970	0
5410	0	264971	3
5410	0	351653	0
5410	0	507213	3
5410	0	507214	3
5410	0	544070	0
5410	0	544071	0
5410	0	544072	2
5410	0	577886	2
5410	0	625761	0
5410	0	628970	0
5410	0	666435	2
5410	0	734231	2
5410	0	734232	2
5410	0	8186	0
5410	0	97223	2
5410	0	97224	3
5410	0	97225	2
5410	0	97226	2
5410	0	97227	2
5410	0	97229	3
5416	0	115340	0
5416	0	115341	0
5416	0	115342	0
5416	0	303867	0
5416	0	400253	0
5416	0	446760	2
5416	0	560531	0
5416	0	560532	1
5416	0	609725	0
5416	0	609726	0
5416	0	642083	0
5416	0	642084	2
5416	0	735116	0
5416	0	758333	2
5416	0	8196	0
5428	0	165670	0
5428	0	347324	0
5428	0	373236	2
5428	0	373237	1
5428	0	373238	2
5428	0	397898	2
5428	0	411102	3
5428	0	411103	2
5428	0	411104	2
5428	0	428309	0
5428	0	430068	2
5428	0	479566	2
5428	0	493020	2
5428	0	493021	1
5428	0	65911	0
5428	0	8219	1
5491	0	123030	2
5491	0	200288	3
5491	0	205079	1
5491	0	288498	3
5491	0	436586	2
5491	0	524037	1
5491	0	585517	3
5491	0	634967	2
5491	0	681674	1
5491	0	681675	1
5491	0	8310	3
5491	0	84274	3
5507	0	11260	1
5507	0	131322	2
5507	0	131323	1
5507	0	200511	1
5507	0	285093	2
5507	0	321796	0
5507	0	335263	1
5507	0	335264	0
5507	0	363395	0
5507	0	363396	2
5507	0	413246	0
5507	0	413247	0
5507	0	50003	2
5507	0	50021	0
5507	0	522726	0
5507	0	556970	0
5507	0	8334	0
5507	0	8335	0
5507	0	8336	0
5507	0	8337	0
5507	0	8339	0
5507	0	8560	2
5519	0	353007	0
5519	0	429788	0
5519	0	429789	2
5519	0	460805	0
5519	0	498469	0
5519	0	542647	0
5519	0	687038	0
5519	0	687039	0
5519	0	706450	0
5519	0	711625	0
5519	0	711626	0
5519	0	79427	0
5519	0	8356	0
5532	0	124796	0
5532	0	146675	0
5532	0	198871	0
5532	0	351833	0
5532	0	422810	0
5532	0	541999	0
5532	0	591226	1
5532	0	732022	0
5532	0	8371	0
5539	0	171699	2
5539	0	179781	0
5539	0	360693	0
5539	0	364625	0
5539	0	498507	0
5539	0	498508	2
5539	0	498509	2
5539	0	534071	0
5539	0	534072	0
5539	0	534073	0
5539	0	534074	0
5539	0	534075	0
5539	0	534076	0
5539	0	534077	0
5539	0	534078	0
5539	0	534079	0
5539	0	583108	0
5539	0	634768	0
5539	0	687085	0
5539	0	83640	0
5539	0	8382	0
5539	0	8383	0
5540	0	200336	1
5540	0	200337	1
5540	0	201123	0
5540	0	201127	0
5540	0	238527	0
5540	0	238528	2
5540	0	321772	1
5540	0	321773	0
5540	0	321774	1
5540	0	372664	0
5540	0	376144	0
5540	0	50426	0
5540	0	513428	0
5540	0	544644	0
5540	0	607069	0
5540	0	82447	0
5540	0	82448	2
5540	0	8384	0
5540	0	8385	0
5540	0	8387	0
5540	0	8390	0
5540	0	8391	0
5549	0	225384	0
5549	0	399566	0
5549	0	506099	2
5549	0	518678	0
5549	0	567704	1
5549	0	568246	2
5549	0	649161	1
5549	0	706569	0
5549	0	757528	1
5549	0	8402	2
5553	0	159950	1
5553	0	159951	3
5553	0	160824	0
5553	0	217945	0
5553	0	217946	0
5553	0	217947	0
5553	0	217949	0
5553	0	217950	0
5553	0	282156	0
5553	0	282158	0
5553	0	282161	0
5553	0	296038	0
5553	0	473652	0
5553	0	487238	0
5553	0	539721	0
5553	0	579399	0
5553	0	605847	0
5553	0	679501	0
5553	0	679502	0
5553	0	679503	0
5553	0	8416	0
556	0	1098	2
556	0	117693	1
556	0	156467	3
556	0	255501	3
556	0	384655	3
556	0	534710	3
556	0	572350	3
556	0	576942	3
556	0	806	3
556	0	84044	3
5625	0	105310	1
5625	0	129565	1
5625	0	129566	0
5625	0	219317	0
5625	0	27246	0
5625	0	321911	0
5625	0	335579	1
5625	0	386468	0
5625	0	386469	1
5625	0	493346	2
5625	0	681851	1
5625	0	8533	1
5672	0	170718	0
5672	0	170719	0
5672	0	170720	3
5672	0	290172	0
5672	0	292283	1
5672	0	342505	0
5672	0	411516	1
5672	0	443224	1
5672	0	443225	0
5672	0	599912	0
5672	0	599913	2
5672	0	67773	2
5672	0	740682	0
5672	0	8609	3
572	0	16041	0
572	0	165268	0
572	0	165269	0
572	0	264955	0
572	0	382522	1
572	0	408996	0
572	0	408997	0
572	0	408998	0
572	0	408999	0
572	0	413177	0
572	0	44396	0
572	0	44398	0
572	0	51245	0
572	0	523567	0
572	0	587928	0
572	0	832	0
5758	0	129724	0
5758	0	129725	1
5758	0	13671	2
5758	0	18903	1
5758	0	18905	0
5758	0	415711	0
5758	0	415713	2
5758	0	415714	0
5758	0	436225	3
5758	0	468229	2
5758	0	515787	2
5758	0	518975	1
5758	0	687454	1
5758	0	8736	0
5771	0	11186	0
5771	0	200696	1
5771	0	200697	0
5771	0	297554	0
5771	0	397985	0
5771	0	411359	2
5771	0	481470	2
5771	0	481471	0
5771	0	52525	0
5771	0	5282	0
5771	0	586302	2
5771	0	638218	0
5771	0	639842	1
5771	0	6723	0
5771	0	682046	1
5771	0	682047	1
5771	0	682048	1
5771	0	690927	1
5771	0	732410	0
5771	0	82048	0
5771	0	85535	0
5771	0	8756	1
5771	0	92067	1
5771	0	9473	0
5805	0	136276	0
5805	0	136277	1
5805	0	225097	0
5805	0	225098	0
5805	0	225099	2
5805	0	275766	0
5805	0	275767	0
5805	0	307991	0
5805	0	40138	1
5805	0	417988	0
5805	0	472651	0
5805	0	472652	1
5805	0	478636	0
5805	0	52405	0
5805	0	586649	0
5805	0	591304	1
5805	0	591305	0
5805	0	591306	0
5805	0	8829	0
5836	0	124698	0
5836	0	197496	0
5836	0	218792	2
5836	0	26366	0
5836	0	280849	3
5836	0	280850	1
5836	0	317019	1
5836	0	468452	0
5836	0	76669	1
5836	0	86916	3
5836	0	8876	0
5846	0	180826	1
5846	0	213004	1
5846	0	213005	1
5846	0	230780	0
5846	0	263272	1
5846	0	263273	2
5846	0	264053	0
5846	0	386133	0
5846	0	386134	1
5846	0	435349	0
5846	0	462736	0
5846	0	492985	0
5846	0	8898	0
5849	0	103530	0
5849	0	213782	0
5849	0	218259	0
5849	0	219903	0
5849	0	26228	1
5849	0	385418	0
5849	0	385419	0
5849	0	412486	1
5849	0	428069	0
5849	0	428070	0
5849	0	549113	0
5849	0	700200	0
5849	0	732623	0
5849	0	8901	0
5849	0	98969	0
5857	0	129866	0
5857	0	213859	1
5857	0	264234	3
5857	0	322265	0
5857	0	47163	2
5857	0	732	0
5857	0	8912	2
5857	0	89897	3
586	0	14310	0
586	0	14311	0
586	0	185544	0
586	0	201619	0
586	0	314281	1
586	0	314282	0
586	0	33793	1
586	0	348207	0
586	0	366669	2
586	0	366670	0
586	0	416490	0
586	0	518476	0
586	0	692999	0
586	0	712153	0
586	0	727929	0
586	0	854	0
586	0	855	0
586	0	856	2
5878	0	201970	0
5878	0	201971	0
5878	0	306479	0
5878	0	328443	0
5878	0	328444	0
5878	0	361253	0
5878	0	437813	0
5878	0	437815	2
5878	0	516808	3
5878	0	519166	0
5878	0	519167	0
5878	0	554674	0
5878	0	600235	0
5878	0	64644	0
5878	0	64645	0
5878	0	650799	0
5878	0	650800	1
5878	0	672919	0
5878	0	720441	0
5878	0	720443	0
5878	0	720444	0
5878	0	720446	0
5878	0	720447	0
5878	0	720448	0
5878	0	720449	0
5878	0	720450	2
5878	0	8944	0
5878	0	9965	0
5878	0	9966	0
5878	0	9967	3
5878	0	9968	0
5929	0	125558	3
5929	0	166168	1
5929	0	166169	0
5929	0	219226	1
5929	0	219227	0
5929	0	219228	2
5929	0	219229	0
5929	0	411181	2
5929	0	411182	1
5929	0	434979	0
5929	0	434980	0
5929	0	525849	3
5929	0	53987	2
5929	0	550708	2
5929	0	550709	0
5929	0	574859	0
5929	0	574860	2
5929	0	719949	1
5929	0	719950	1
5929	0	719951	0
5929	0	720529	2
5929	0	720530	0
5929	0	9020	3
5934	0	140355	0
5934	0	140356	2
5934	0	374097	0
5934	0	423685	2
5934	0	484029	0
5934	0	540853	0
5934	0	59248	0
5934	0	649774	0
5934	0	730953	0
5934	0	732642	0
5934	0	9027	0
5934	0	90599	0
5934	0	90600	0
5934	0	90601	0
5949	0	130299	0
5949	0	130300	1
5949	0	130301	0
5949	0	130302	0
5949	0	151492	1
5949	0	171641	2
5949	0	202583	1
5949	0	256405	0
5949	0	315316	0
5949	0	315317	1
5949	0	359860	0
5949	0	412059	0
5949	0	412060	1
5949	0	436341	1
5949	0	494014	1
5949	0	598447	1
5949	0	598448	0
5949	0	598449	0
5949	0	665842	3
5949	0	685824	0
5949	0	685825	0
5949	0	685826	0
5949	0	9052	0
5949	0	9394	1
5949	0	9396	0
5949	0	9397	0
597	0	126079	0
597	0	168067	0
597	0	172174	0
597	0	269180	0
597	0	301508	1
597	0	365169	1
597	0	430572	1
597	0	454709	0
597	0	454712	0
597	0	484975	0
597	0	655172	2
597	0	733236	0
597	0	867	1
597	0	868	0
5998	0	223505	0
5998	0	223506	0
5998	0	241549	3
5998	0	266672	2
5998	0	366538	1
5998	0	52473	0
5998	0	572733	0
5998	0	572734	0
5998	0	572736	0
5998	0	572737	0
5998	0	622662	0
5998	0	632690	2
5998	0	722348	0
5998	0	722349	1
5998	0	733619	0
5998	0	753887	0
5998	0	9139	0
6009	0	141592	0
6009	0	141593	0
6009	0	163400	0
6009	0	163401	1
6009	0	163402	0
6009	0	163403	1
6009	0	163404	0
6009	0	198843	2
6009	0	208976	0
6009	0	237749	2
6009	0	347670	0
6009	0	347672	1
6009	0	347673	0
6009	0	347674	0
6009	0	347675	0
6009	0	347676	0
6009	0	468156	3
6009	0	499455	0
6009	0	517445	2
6009	0	549290	2
6009	0	549421	0
6009	0	636164	0
6009	0	636166	0
6009	0	636167	0
6009	0	636168	1
6009	0	636169	0
6009	0	686851	0
6009	0	84671	0
6009	0	9159	0
6038	0	258225	2
6038	0	258226	0
6038	0	322782	2
6038	0	404683	0
6038	0	404686	1
6038	0	404691	0
6038	0	450327	0
6038	0	48961	0
6038	0	493941	0
6038	0	542724	0
6038	0	580102	0
6038	0	661787	0
6038	0	661788	1
6038	0	700414	0
6038	0	700415	0
6038	0	9198	1
6123	0	101916	0
6123	0	128880	0
6123	0	210364	0
6123	0	29601	2
6123	0	310228	0
6123	0	374230	2
6123	0	481294	0
6123	0	542746	0
6123	0	758981	0
6123	0	9326	0
6135	0	103616	1
6135	0	153917	0
6135	0	186225	0
6135	0	307620	0
6135	0	358316	0
6135	0	467231	0
6135	0	553789	0
6135	0	585218	0
6135	0	585219	1
6135	0	744216	0
6135	0	9347	0
621	0	39238	2
621	0	403346	2
621	0	407397	2
621	0	435314	2
621	0	476549	3
621	0	543840	3
621	0	612088	2
621	0	733916	0
621	0	907	3
621	0	93764	2
6212	0	120529	0
6212	0	130402	0
6212	0	174810	0
6212	0	265650	0
6212	0	319667	1
6212	0	378323	0
6212	0	408482	0
6212	0	41898	0
6212	0	490330	0
6212	0	534712	0
6212	0	596857	1
6212	0	710371	1
6212	0	721064	0
6212	0	9487	0
6234	0	225437	0
6234	0	280840	0
6234	0	308769	0
6234	0	308770	0
6234	0	359471	0
6234	0	397718	0
6234	0	397719	0
6234	0	397720	1
6234	0	412361	0
6234	0	479408	0
6234	0	479409	0
6234	0	721091	0
6234	0	83462	0
6234	0	975	0
6238	0	143575	2
6238	0	143577	2
6238	0	151530	2
6238	0	182829	0
6238	0	235777	0
6238	0	30543	2
6238	0	319794	2
6238	0	323119	2
6238	0	482318	1
6238	0	515201	2
6238	0	515202	2
6238	0	596980	2
6238	0	596981	2
6238	0	600851	2
6238	0	600852	2
6238	0	668452	3
6238	0	744222	2
6238	0	9523	2
6238	0	9524	2
6238	0	9525	1
6279	0	156579	1
6279	0	156580	1
6279	0	242808	0
6279	0	313115	0
6279	0	41792	0
6279	0	41793	0
6279	0	41794	1
6279	0	41795	2
6279	0	422271	0
6279	0	422272	1
6279	0	422273	0
6279	0	435112	1
6279	0	511266	2
6279	0	522492	1
6279	0	522493	0
6279	0	594880	0
6279	0	59845	0
6279	0	59846	0
6279	0	632608	0
6279	0	632609	0
6279	0	632610	0
6279	0	632611	0
6279	0	9586	0
629	0	13089	1
629	0	196803	0
629	0	276673	0
629	0	28661	2
629	0	363864	1
629	0	40236	2
629	0	40238	0
629	0	4768	0
629	0	4770	1
629	0	596161	0
629	0	604551	1
629	0	67504	0
629	0	759635	0
629	0	761823	0
629	0	761824	0
629	0	923	0
629	0	99386	2
629	0	99387	1
629	0	99388	2
629	0	99389	2
6294	0	145274	1
6294	0	161467	0
6294	0	211658	2
6294	0	284265	0
6294	0	354619	0
6294	0	405910	2
6294	0	439844	1
6294	0	455336	2
6294	0	605378	3
6294	0	9607	2
6299	0	136780	0
6299	0	174811	0
6299	0	174812	2
6299	0	286963	2
6299	0	341390	0
6299	0	341391	0
6299	0	341392	2
6299	0	341393	0
6299	0	458445	0
6299	0	458666	0
6299	0	458668	0
6299	0	458669	0
6299	0	458670	1
6299	0	458671	0
6299	0	462222	0
6299	0	647069	0
6299	0	647070	0
6299	0	647071	1
6299	0	744829	2
6299	0	94910	0
6299	0	9621	0
6299	0	9622	1
6327	0	149584	0
6327	0	149585	2
6327	0	170578	0
6327	0	239797	0
6327	0	26620	0
6327	0	413355	0
6327	0	413356	1
6327	0	413357	1
6327	0	413358	2
6327	0	413359	0
6327	0	438881	2
6327	0	438882	2
6327	0	581371	0
6327	0	581372	0
6327	0	688353	1
6327	0	9673	0
6353	0	107857	0
6353	0	228547	0
6353	0	279172	0
6353	0	518662	1
6353	0	557897	0
6353	0	557898	0
6353	0	589373	2
6353	0	589374	0
6353	0	590513	1
6353	0	59980	0
6353	0	603438	0
6353	0	677108	0
6353	0	9707	0
6417	0	149263	0
6417	0	201821	0
6417	0	243399	3
6417	0	285245	2
6417	0	285246	0
6417	0	353241	0
6417	0	406828	0
6417	0	456241	0
6417	0	581624	3
6417	0	610225	3
6417	0	724217	0
6417	0	93179	3
6417	0	9818	0
6417	0	9819	2
6417	0	9820	0
6417	0	9821	0
6423	0	198696	0
6423	0	198700	0
6423	0	238091	0
6423	0	288746	1
6423	0	288748	2
6423	0	288750	2
6423	0	288751	0
6423	0	288752	0
6423	0	288753	0
6423	0	294384	0
6423	0	441687	1
6423	0	482580	2
6423	0	491350	0
6423	0	491351	1
6423	0	491352	0
6423	0	601198	0
6423	0	604638	0
6423	0	604639	1
6423	0	604640	0
6423	0	604641	0
6423	0	604642	1
6423	0	604643	0
6423	0	650652	2
6423	0	650653	2
6423	0	686701	0
6423	0	9830	0
6462	0	143387	2
6462	0	169751	1
6462	0	235517	2
6462	0	324215	0
6462	0	407745	0
6462	0	407746	2
6462	0	408464	2
6462	0	445201	0
6462	0	445202	0
6462	0	622291	2
6462	0	633821	1
6462	0	9894	1
6479	0	121294	0
6479	0	130850	1
6479	0	131092	0
6479	0	171535	1
6479	0	181286	1
6479	0	181287	1
6479	0	323537	0
6479	0	37860	1
6479	0	580875	3
6479	0	580876	0
6479	0	730012	2
6479	0	9914	0
6479	0	9915	0
6479	0	9916	0
6485	0	123719	0
6485	0	174543	1
6485	0	174544	1
6485	0	196299	0
6485	0	25132	0
6485	0	279617	2
6485	0	279618	2
6485	0	296090	2
6485	0	356649	1
6485	0	597221	0
6485	0	744558	2
6485	0	9925	1
652	0	102233	1
652	0	131696	0
652	0	135203	0
652	0	244935	0
652	0	448737	0
652	0	612747	0
652	0	675037	1
652	0	675038	0
652	0	675041	1
652	0	675043	0
652	0	675044	2
652	0	742171	2
652	0	85329	0
652	0	85330	1
652	0	85331	0
652	0	85332	0
652	0	85333	1
652	0	94215	2
652	0	954	0
6543	0	10024	2
6543	0	21353	0
6543	0	278516	0
6543	0	278517	0
6543	0	353891	2
6543	0	386532	1
6543	0	386533	1
6543	0	388388	0
6543	0	388389	0
6543	0	470129	2
6543	0	543419	0
6543	0	712435	0
6543	0	745246	0
6554	0	10042	0
6554	0	178844	2
6554	0	206195	0
6554	0	206207	0
6554	0	209268	0
6554	0	323471	1
6554	0	412717	0
6554	0	477886	0
6554	0	601446	0
6554	0	601447	0
6554	0	601448	0
6554	0	625175	0
6554	0	625176	0
6554	0	674628	0
6594	0	10114	0
6594	0	101630	0
6594	0	101631	0
6594	0	101632	1
6594	0	104651	0
6594	0	149210	0
6594	0	149211	0
6594	0	149212	0
6594	0	19089	2
6594	0	19090	0
6594	0	222436	2
6594	0	452389	0
6594	0	48454	1
6594	0	581070	2
6594	0	583152	1
6594	0	99482	1
665	0	226638	0
665	0	231046	0
665	0	292147	0
665	0	303569	2
665	0	34217	0
665	0	342503	0
665	0	39353	0
665	0	425428	0
665	0	544307	2
665	0	5739	0
665	0	5745	2
665	0	712276	0
665	0	745981	0
665	0	973	0
665	0	974	0
665	0	976	0
665	0	977	0
665	0	978	0
665	0	981	0
665	0	982	0
669	0	116005	0
669	0	116488	0
669	0	166604	0
669	0	204612	3
669	0	255372	3
669	0	255373	0
669	0	288078	0
669	0	288079	0
669	0	33330	1
669	0	479334	0
669	0	572212	0
669	0	984	0
6691	0	10297	2
6691	0	10509	2
6691	0	112983	1
6691	0	112984	0
6691	0	112985	0
6691	0	112986	0
6691	0	112987	2
6691	0	112988	0
6691	0	112989	0
6691	0	112990	0
6691	0	112994	2
6691	0	113558	1
6691	0	138588	2
6691	0	202418	3
6691	0	202419	1
6691	0	278321	3
6691	0	291859	0
6691	0	291860	0
6691	0	291861	2
6691	0	348076	0
6691	0	400156	2
6691	0	462675	2
6691	0	462676	1
6691	0	462677	2
6691	0	685487	2
6691	0	685488	0
6691	0	685489	2
6691	0	687974	0
6691	0	88621	0
6691	0	88622	2
6691	0	88623	0
6691	0	88624	2
6691	0	88625	0
6691	0	88626	0
6691	0	88627	0
6691	0	88629	0
6691	0	88630	0
6710	0	10338	3
6710	0	161698	1
6710	0	161699	0
6710	0	181643	1
6710	0	198790	0
6710	0	244481	2
6710	0	264780	2
6710	0	366729	0
6710	0	373810	0
6710	0	570318	0
6710	0	570320	0
6710	0	60545	1
6710	0	60546	0
6710	0	731467	2
6729	0	10369	0
6729	0	119456	1
6729	0	160569	0
6729	0	160570	2
6729	0	269889	0
6729	0	353153	0
6729	0	353155	1
6729	0	353156	0
6729	0	353157	0
6729	0	359070	0
6729	0	44877	2
6729	0	468334	1
6729	0	468335	0
6729	0	468336	0
6729	0	468337	0
6729	0	468339	0
6729	0	532347	1
6729	0	581107	1
6729	0	636354	1
6729	0	756662	0
6729	0	756663	0
6729	0	80233	2
6732	0	10372	0
6732	0	143341	1
6732	0	143342	1
6732	0	143343	2
6732	0	143344	0
6732	0	143345	2
6732	0	202141	0
6732	0	219540	1
6732	0	226458	0
6732	0	315265	0
6732	0	337195	1
6732	0	391852	0
6732	0	391853	3
6732	0	667846	0
6732	0	667848	0
6732	0	676455	1
6732	0	751198	0
6732	0	751199	0
6732	0	751200	0
6732	0	751201	0
6732	0	86970	2
6732	0	98892	1
6732	0	98893	0
6775	0	10444	0
6775	0	29900	2
6775	0	310526	1
6775	0	454549	1
6775	0	479979	2
6775	0	495259	2
6775	0	544048	0
6775	0	588584	2
6775	0	708332	1
6775	0	80222	3
6791	0	10467	0
6791	0	239598	1
6791	0	292039	1
6791	0	329471	0
6791	0	368248	2
6791	0	374494	0
6791	0	374501	2
6791	0	384770	1
6791	0	412765	0
6791	0	445192	1
6791	0	494841	2
6791	0	549422	1
6791	0	56890	2
6791	0	601296	0
6791	0	686252	0
6798	0	10480	1
6798	0	214589	0
6798	0	214592	0
6798	0	214593	1
6798	0	214594	0
6798	0	214595	2
6798	0	238843	0
6798	0	323867	0
6798	0	412249	0
6798	0	600691	0
6798	0	601832	0
6798	0	635202	2
6798	0	645893	0
6798	0	722104	2
6830	0	100301	0
6830	0	10538	0
6830	0	148847	0
6830	0	27807	3
6830	0	404066	0
6830	0	404067	2
6830	0	489665	3
6830	0	564512	0
6830	0	657504	3
6830	0	660157	0
6830	0	740749	0
6844	0	10562	1
6844	0	129012	0
6844	0	15823	0
6844	0	202516	0
6844	0	28252	2
6844	0	406801	1
6844	0	479959	2
6844	0	529319	1
6844	0	648092	0
6844	0	78593	2
6861	0	10590	0
6861	0	134054	2
6861	0	192559	0
6861	0	192568	1
6861	0	192569	0
6861	0	257502	0
6861	0	357026	1
6861	0	390725	0
6861	0	390731	2
6861	0	428933	1
6861	0	43127	0
6861	0	43128	0
6861	0	43129	0
6861	0	445337	2
6861	0	526297	0
6861	0	5282	0
6861	0	553991	0
6861	0	587832	1
6861	0	587847	2
6861	0	634329	0
6861	0	634388	0
6861	0	671532	0
6861	0	6723	0
6892	0	10634	1
6892	0	17765	2
6892	0	181917	0
6892	0	247858	1
6892	0	3001	0
6892	0	325982	2
6892	0	343961	0
6892	0	527840	0
6892	0	56025	1
6892	0	60869	0
6892	0	67839	0
6892	0	729383	2
6907	0	10656	1
6907	0	112629	1
6907	0	131599	0
6907	0	131602	0
6907	0	131603	1
6907	0	131604	0
6907	0	131605	0
6907	0	162717	0
6907	0	181939	0
6907	0	265778	1
6907	0	476326	2
6907	0	74519	0
6907	0	74520	1
6907	0	74521	3
6907	0	753489	0
6907	0	99947	0
6947	0	101558	1
6947	0	10717	2
6947	0	326028	2
6947	0	544090	1
6947	0	551757	1
6947	0	581354	2
6947	0	631001	2
6947	0	638376	2
6947	0	642658	2
6947	0	649476	2
6947	0	742067	1
695	0	1020	0
695	0	154097	0
695	0	204297	2
695	0	204299	0
695	0	207940	0
695	0	207941	1
695	0	270738	0
695	0	270739	0
695	0	270741	0
695	0	325777	1
695	0	325778	1
695	0	325779	0
695	0	325780	0
695	0	325781	0
695	0	409139	1
695	0	475196	0
695	0	587007	0
695	0	587009	0
695	0	587010	0
695	0	677906	0
695	0	726002	0
695	0	99545	1
703	0	1028	1
703	0	122096	0
703	0	122097	0
703	0	122098	0
703	0	172911	0
703	0	255415	1
703	0	272750	0
703	0	37221	0
703	0	377498	0
703	0	42391	0
703	0	551622	0
703	0	723450	0
703	0	754135	2
703	0	754136	0
7042	0	104433	0
7042	0	104434	2
7042	0	10863	2
7042	0	154186	0
7042	0	243071	2
7042	0	243072	1
7042	0	275754	1
7042	0	275755	0
7042	0	435379	0
7042	0	467342	2
7042	0	61077	1
7042	0	61078	0
7042	0	723853	1
7042	0	745109	3
7052	0	106913	0
7052	0	106914	0
7052	0	106915	0
7052	0	10874	0
7052	0	10875	0
7052	0	10876	0
7052	0	143897	0
7052	0	143898	0
7052	0	156853	0
7052	0	157449	0
7052	0	175373	0
7052	0	182179	0
7052	0	324734	2
7052	0	375239	0
7052	0	753408	1
7052	0	94175	0
7093	0	10935	0
7093	0	271984	0
7093	0	330565	0
7093	0	381792	0
7093	0	521065	2
7093	0	602262	0
7093	0	616140	2
7093	0	644354	0
7093	0	644357	0
7093	0	665645	1
7093	0	698199	0
7093	0	698200	0
7108	0	10953	2
7108	0	139729	0
7108	0	16762	0
7108	0	18414	0
7108	0	294577	0
7108	0	33781	1
7108	0	33782	2
7108	0	413035	0
7108	0	700881	0
7165	0	11053	1
7165	0	16236	1
7165	0	355987	2
7165	0	36962	2
7165	0	407274	3
7165	0	407275	1
7165	0	493924	0
7165	0	531818	2
7165	0	597571	2
7165	0	599489	1
7165	0	66020	3
7165	0	66026	0
7165	0	684899	0
7165	0	747900	1
7165	0	747903	1
7172	0	11064	2
7172	0	164125	2
7172	0	214387	0
7172	0	218962	1
7172	0	241888	0
7172	0	285029	0
7172	0	330666	0
7172	0	330667	0
7172	0	340535	2
7172	0	521154	2
7172	0	521155	3
7172	0	521156	0
7172	0	699259	0
7182	0	11080	0
7182	0	165977	0
7182	0	197503	2
7182	0	203729	3
7182	0	203730	1
7182	0	247712	1
7182	0	254075	1
7182	0	292622	1
7182	0	303410	0
7182	0	558933	0
7182	0	565061	2
7182	0	759031	0
7182	0	76681	2
7182	0	76682	0
722	0	1051	2
722	0	2551	0
722	0	261377	0
722	0	278900	2
722	0	282513	0
722	0	282514	0
722	0	282515	0
722	0	282516	0
722	0	282517	0
722	0	332280	0
722	0	332281	0
722	0	404228	2
722	0	404229	0
722	0	404230	2
722	0	424337	0
722	0	453608	2
722	0	453609	2
722	0	51833	3
722	0	51834	1
722	0	51835	2
722	0	51836	1
722	0	615075	0
722	0	615076	0
7232	0	11162	0
7232	0	116849	2
7232	0	221785	2
7232	0	324406	0
7232	0	375321	2
7232	0	480200	0
7232	0	480201	2
7232	0	495033	0
7232	0	495034	0
7232	0	495036	1
7232	0	581969	1
7232	0	581970	2
7232	0	603639	2
7232	0	603642	2
7232	0	657845	2
7232	0	683594	3
7232	0	9731	0
7271	0	11222	2
7271	0	203127	2
7271	0	203128	1
7271	0	213994	2
7271	0	213995	2
7271	0	264345	2
7271	0	292529	2
7271	0	342808	1
7271	0	342809	2
7271	0	342810	2
7271	0	425758	3
7271	0	559199	2
7271	0	559200	2
7271	0	559201	2
7271	0	609237	3
7271	0	66960	2
7271	0	736444	2
7288	0	11243	1
7288	0	21006	0
7288	0	2415	0
7288	0	297107	2
7288	0	310670	2
7288	0	343797	0
7288	0	343799	0
7288	0	374426	0
7288	0	464361	0
7288	0	514455	0
7288	0	594820	0
7288	0	594821	1
7288	0	594822	1
7288	0	594823	2
7288	0	714706	0
7288	0	79712	0
731	0	1064	2
731	0	165407	0
731	0	186702	0
731	0	231952	2
731	0	231953	2
731	0	282524	0
731	0	404278	3
731	0	470699	2
731	0	585568	2
731	0	592624	2
731	0	712393	2
731	0	754300	0
731	0	754312	2
7331	0	11306	0
7331	0	132245	0
7331	0	132469	0
7331	0	182581	0
7331	0	182583	2
7331	0	182584	0
7331	0	532702	2
7331	0	532703	0
7331	0	532704	0
7331	0	551385	0
7331	0	582172	0
7331	0	588723	1
7331	0	668868	0
7331	0	702379	0
735	0	1071	0
735	0	115682	0
735	0	160966	1
735	0	224591	2
735	0	224592	0
735	0	307972	3
735	0	314833	0
735	0	338901	0
735	0	346315	0
735	0	392344	2
735	0	560582	2
735	0	597168	2
735	0	642126	0
7389	0	11393	0
7389	0	119693	0
7389	0	201517	0
7389	0	324972	0
7389	0	406499	0
7389	0	406500	0
7389	0	414191	0
7389	0	445905	0
7389	0	493600	0
7389	0	574520	0
7389	0	634491	0
7389	0	701816	2
7432	0	11464	0
7432	0	136283	0
7432	0	136284	0
7432	0	136285	0
7432	0	136287	0
7432	0	136289	0
7432	0	136290	0
7432	0	136293	0
7432	0	136294	0
7432	0	171402	1
7432	0	182744	0
7432	0	186505	0
7432	0	265937	1
7432	0	265939	0
7432	0	387903	0
7432	0	391669	1
7432	0	391670	1
7432	0	499244	0
7432	0	499246	2
7432	0	52461	0
7432	0	52472	1
7432	0	544814	0
7432	0	544815	0
7432	0	62966	0
7432	0	697053	0
7432	0	91441	0
7436	0	106021	2
7436	0	113774	2
7436	0	11470	0
7436	0	132414	2
7436	0	182718	1
7436	0	298122	2
7436	0	427203	1
7436	0	582334	1
7436	0	632961	1
7436	0	755296	2
7461	0	11500	0
7461	0	11501	0
7461	0	11502	0
7461	0	11503	0
7461	0	11504	0
7461	0	11505	0
7461	0	11506	0
7461	0	11507	0
7461	0	11510	0
7461	0	11511	0
7461	0	152410	0
7461	0	182807	0
7461	0	182808	1
7461	0	182809	0
7461	0	182810	0
7461	0	201816	0
7461	0	241191	0
7461	0	370876	0
7461	0	370882	0
7461	0	370883	0
7461	0	376651	0
7461	0	385975	0
7461	0	385978	0
7461	0	426465	0
7461	0	453983	0
7461	0	453985	0
7461	0	469011	0
7461	0	469012	0
7461	0	469013	0
7461	0	469014	0
7461	0	469015	2
7461	0	469016	0
7461	0	469017	0
7461	0	572270	0
7461	0	61768	0
7461	0	61772	1
7461	0	69286	0
7461	0	709553	0
7461	0	709554	2
7461	0	709555	0
7461	0	709556	0
7461	0	718379	0
7461	0	90458	0
7461	0	90459	0
7461	0	90461	0
747	0	104555	1
747	0	1088	1
747	0	238239	0
747	0	367576	0
747	0	453479	2
747	0	453480	2
747	0	477302	0
747	0	538322	0
747	0	572162	2
747	0	572372	1
747	0	621422	1
747	0	621423	2
747	0	681462	2
747	0	721636	0
747	0	721687	1
747	0	75532	0
7482	0	100767	2
7482	0	11540	0
7482	0	165661	2
7482	0	275043	0
7482	0	304250	3
7482	0	358455	0
7482	0	446150	2
7482	0	582449	3
7482	0	611659	0
7482	0	690188	0
7482	0	99928	2
7507	0	10607	0
7507	0	111302	0
7507	0	11573	0
7507	0	11574	0
7507	0	11575	0
7507	0	203468	0
7507	0	2103	1
7507	0	2108	0
7507	0	303474	1
7507	0	303475	0
7507	0	303476	0
7507	0	303477	0
7507	0	341638	2
7507	0	341639	0
7507	0	354696	0
7507	0	354697	2
7507	0	442456	2
7507	0	490332	1
7507	0	5639	0
7507	0	581652	0
7507	0	581653	0
7507	0	581654	0
7507	0	602171	1
7514	0	111139	0
7514	0	111141	0
7514	0	11593	2
7514	0	132572	0
7514	0	325077	0
7514	0	593265	0
7514	0	602912	3
7514	0	60892	0
7514	0	609023	0
7514	0	642743	1
7514	0	662090	3
7514	0	723208	0
7525	0	11606	1
7525	0	11607	2
7525	0	124068	1
7525	0	277790	2
7525	0	295795	0
7525	0	411316	0
7525	0	448900	0
7525	0	601552	2
7525	0	613989	1
7525	0	628353	0
7525	0	719970	0
7559	0	114971	2
7559	0	11662	3
7559	0	168081	1
7559	0	250975	3
7559	0	310512	0
7559	0	354914	2
7559	0	391565	2
7559	0	405086	2
7559	0	703156	1
7559	0	705043	0
7559	0	76963	0
757	0	100360	1
757	0	1102	1
757	0	292439	0
757	0	292440	0
757	0	338146	2
757	0	413735	1
757	0	51546	2
757	0	670429	0
757	0	685006	1
757	0	691377	0
757	0	735440	3
7584	0	11706	2
7584	0	144204	0
7584	0	223923	0
7584	0	274473	3
7584	0	276894	3
7584	0	555063	2
7584	0	643623	3
7584	0	672360	3
7584	0	674279	2
7584	0	722585	3
7588	0	100414	0
7588	0	11710	0
7588	0	140389	0
7588	0	186912	1
7588	0	278655	1
7588	0	288665	0
7588	0	450035	0
7588	0	464034	2
7588	0	518293	0
7588	0	556227	0
7588	0	690393	0
7596	0	109142	0
7596	0	110749	0
7596	0	110750	0
7596	0	11722	0
7596	0	169561	2
7596	0	193472	0
7596	0	193473	0
7596	0	193474	1
7596	0	193476	0
7596	0	203610	0
7596	0	314915	0
7596	0	365782	2
7596	0	396606	0
7596	0	396608	2
7596	0	498704	0
7596	0	498705	1
7596	0	498706	0
7596	0	498707	0
7596	0	498708	0
7596	0	498709	0
7596	0	498710	0
7596	0	498711	1
7596	0	498712	0
7596	0	498713	0
7596	0	603038	0
7596	0	603752	0
7596	0	603754	2
7596	0	685074	0
7596	0	735488	0
7596	0	735489	0
7596	0	735490	0
7596	0	735491	0
7596	0	735494	0
7596	0	735495	0
7596	0	735496	1
7596	0	735497	0
7617	0	109319	0
7617	0	11752	2
7617	0	11753	0
7617	0	160379	0
7617	0	160380	2
7617	0	283315	0
7617	0	343312	0
7617	0	521833	0
7617	0	570941	2
7617	0	614734	0
7617	0	652420	0
7617	0	690439	0
7617	0	975	0
7676	0	11863	0
7676	0	183156	0
7676	0	183157	0
7676	0	183158	1
7676	0	183159	3
7676	0	40899	0
7676	0	414725	2
7676	0	446456	0
7676	0	464169	0
7676	0	464171	0
7676	0	464172	1
7676	0	492747	0
7676	0	496125	1
7676	0	582770	2
7676	0	719453	1
7678	0	11865	0
7678	0	125379	0
7678	0	143232	0
7678	0	245935	0
7678	0	245937	2
7678	0	245938	0
7678	0	36826	0
7678	0	419733	0
7678	0	419734	0
7678	0	438240	0
7678	0	438241	0
7678	0	602577	0
7678	0	606960	0
7678	0	607169	0
7697	0	11904	2
7697	0	183209	2
7697	0	266404	0
7697	0	280798	0
7697	0	373305	1
7697	0	399950	3
7697	0	519000	2
7697	0	568047	1
7697	0	568048	1
7697	0	571827	0
7697	0	621135	3
7704	0	11913	0
7704	0	132932	0
7704	0	132933	0
7704	0	183218	1
7704	0	216045	0
7704	0	304630	0
7704	0	304631	0
7704	0	304632	3
7704	0	356795	0
7704	0	407059	0
7704	0	43059	0
7704	0	43060	3
7704	0	495989	0
7704	0	583791	0
7714	0	11930	0
7714	0	153157	0
7714	0	153158	0
7714	0	203812	0
7714	0	341944	0
7714	0	434483	0
7714	0	44370	0
7714	0	532192	2
7714	0	537180	2
7714	0	635017	2
7714	0	684630	1
7714	0	684631	0
7714	0	71456	2
7735	0	11957	0
7735	0	11958	0
7735	0	126838	0
7735	0	293426	0
7735	0	296360	1
7735	0	369935	0
7735	0	487530	0
7735	0	627735	0
7735	0	655395	0
7735	0	687413	0
7735	0	687414	0
7735	0	693518	0
7735	0	723557	0
7735	0	758100	1
774	0	1123	2
774	0	1124	0
774	0	1125	2
774	0	21208	0
774	0	225138	1
774	0	225139	0
774	0	275769	0
774	0	281840	0
774	0	423831	0
774	0	503084	0
774	0	505229	0
774	0	51574	0
774	0	51575	0
774	0	531455	0
7753	0	11987	0
7753	0	19223	0
7753	0	242016	1
7753	0	242017	0
7753	0	327923	0
7753	0	518658	1
7753	0	518659	2
7753	0	646040	0
7753	0	695809	0
7753	0	714572	2
7753	0	723583	0
7761	0	11996	0
7761	0	197209	3
7761	0	268925	2
7761	0	391023	2
7761	0	439999	3
7761	0	579434	3
7761	0	616044	2
7761	0	62224	3
7761	0	703504	3
7761	0	717192	2
7767	0	12011	0
7767	0	130825	2
7767	0	130826	1
7767	0	130827	0
7767	0	130828	2
7767	0	130829	2
7767	0	130830	1
7767	0	130831	0
7767	0	130832	2
7767	0	130833	2
7767	0	130834	2
7767	0	144971	3
7767	0	16071	0
7767	0	290596	1
7767	0	302570	3
7767	0	342833	2
7767	0	364242	1
7767	0	402777	2
7767	0	449861	0
7767	0	449862	0
7767	0	449863	3
7767	0	449864	1
7767	0	484021	3
7767	0	620354	2
7767	0	620355	2
7767	0	620356	0
7767	0	620357	0
7767	0	620358	0
7775	0	109519	2
7775	0	109520	2
7775	0	12024	2
7775	0	12025	0
7775	0	126905	2
7775	0	177206	0
7775	0	227311	1
7775	0	227312	3
7775	0	227314	0
7775	0	248061	0
7775	0	293505	0
7775	0	452402	2
7775	0	603305	0
7775	0	723618	0
7789	0	12040	1
7789	0	12041	0
7789	0	12042	0
7789	0	133277	0
7789	0	146894	2
7789	0	44506	1
7789	0	624350	0
7789	0	635147	0
7789	0	728638	0
7819	0	12092	2
7819	0	258890	2
7819	0	280036	2
7819	0	280037	0
7819	0	280038	2
7819	0	304734	2
7819	0	304735	0
7819	0	376489	3
7819	0	44556	2
7819	0	44558	3
7819	0	44559	2
7819	0	44560	2
7819	0	44561	2
7819	0	471662	2
7819	0	496120	0
7819	0	496121	3
7819	0	496122	1
7819	0	516554	2
7819	0	635190	3
7819	0	684827	2
7819	0	684828	2
7819	0	684829	2
7854	0	12137	0
7854	0	129557	2
7854	0	156426	3
7854	0	179918	0
7854	0	211621	0
7854	0	211623	2
7854	0	387698	2
7854	0	40930	2
7854	0	492589	0
7854	0	611229	1
7854	0	672252	1
7854	0	719485	0
7854	0	747204	2
7870	0	12154	1
7870	0	203814	0
7870	0	203816	2
7870	0	203817	1
7870	0	256467	0
7870	0	287290	0
7870	0	287292	0
7870	0	287293	2
7870	0	287294	2
7870	0	305144	3
7870	0	32704	0
7870	0	32705	2
7870	0	398192	2
7870	0	408777	2
7870	0	408778	1
7870	0	457924	1
7870	0	457926	1
7870	0	458479	2
7870	0	519285	0
7870	0	684914	0
7870	0	685303	0
7870	0	685304	0
7870	0	736757	1
7870	0	736815	0
7870	0	736824	0
7870	0	736857	1
7870	0	74083	0
7870	0	95488	3
7926	0	121300	0
7926	0	12247	0
7926	0	204229	1
7926	0	325718	0
7926	0	358114	0
7926	0	421580	2
7926	0	585070	3
7926	0	585071	0
7926	0	611933	2
7926	0	61512	0
7926	0	634561	2
7926	0	718369	3
7926	0	722370	2
7926	0	76631	2
7926	0	82515	1
7938	0	12277	2
7938	0	125072	2
7938	0	133286	3
7938	0	210883	0
7938	0	220867	2
7938	0	221745	2
7938	0	22319	0
7938	0	412124	0
7938	0	414346	0
7938	0	87258	0
7971	0	12325	2
7971	0	177600	0
7971	0	215678	0
7971	0	215679	0
7971	0	215755	0
7971	0	337225	2
7971	0	44625	0
7971	0	495543	0
7971	0	521985	0
7971	0	527216	0
7971	0	527499	2
7971	0	571136	0
7971	0	723929	2
799	0	1165	1
799	0	1166	0
799	0	126891	0
799	0	136047	0
799	0	276705	0
799	0	314789	0
799	0	314790	0
799	0	33535	0
799	0	33536	1
799	0	417767	0
799	0	54562	0
799	0	643917	0
799	0	643918	0
799	0	648962	0
799	0	739056	0
799	0	87362	0
7990	0	114597	1
7990	0	12356	1
7990	0	217702	0
7990	0	289173	0
7990	0	293851	2
7990	0	424719	1
7990	0	460005	0
7990	0	463126	1
7990	0	469811	0
7990	0	488261	1
7990	0	653014	1
7990	0	75517	0
7990	0	94912	0
8044	0	12436	0
8044	0	326029	3
8044	0	384224	1
8044	0	384227	0
8044	0	403906	0
8044	0	422318	1
8044	0	490895	0
8044	0	490896	0
8044	0	541747	0
8044	0	571958	0
8044	0	571959	0
8044	0	571960	0
8044	0	571962	0
8044	0	575151	1
8044	0	635541	0
8044	0	653087	3
8044	0	679481	0
8044	0	679482	0
8055	0	122510	1
8055	0	12454	1
8055	0	143766	0
8055	0	206140	0
8055	0	207337	0
8055	0	207339	0
8055	0	257606	0
8055	0	336636	1
8055	0	431223	2
8055	0	457240	0
8055	0	478060	0
8055	0	488041	0
8055	0	488042	0
8055	0	542046	0
8055	0	675497	0
8055	0	675498	0
8055	0	675499	1
8055	0	675500	0
8055	0	86471	0
8079	0	119340	2
8079	0	119341	3
8079	0	12500	2
8079	0	183766	1
8079	0	228241	0
8079	0	228242	0
8079	0	36594	2
8079	0	44944	3
8079	0	496703	1
8079	0	583408	2
8079	0	615070	3
8079	0	760436	0
8085	0	120830	0
8085	0	12517	0
8085	0	12518	0
8085	0	204672	2
8085	0	204673	0
8085	0	242743	0
8085	0	242744	0
8085	0	242745	0
8085	0	292538	1
8085	0	292539	0
8085	0	292540	0
8085	0	294064	0
8085	0	344267	1
8085	0	602363	0
8085	0	602364	2
8085	0	62759	0
8085	0	731974	0
8085	0	89046	0
8085	0	89047	2
8123	0	12565	0
8123	0	1850	0
8123	0	203056	1
8123	0	203294	0
8123	0	243476	0
8123	0	396384	0
8123	0	601941	0
8123	0	699199	1
8123	0	703963	0
8123	0	726347	3
8123	0	726348	2
8134	0	12589	1
8134	0	237590	0
8134	0	255437	2
8134	0	269250	0
8134	0	376589	0
8134	0	376590	2
8134	0	376591	0
8134	0	376593	0
8134	0	376594	0
8134	0	377524	1
8134	0	427040	2
8134	0	461070	1
8134	0	63384	0
8134	0	63385	0
8134	0	703684	2
8134	0	718021	0
8134	0	77088	2
8134	0	77090	0
8134	0	77091	1
8134	0	77092	1
8134	0	77094	1
8134	0	77095	0
818	0	106403	0
818	0	1191	2
818	0	179549	0
818	0	227090	0
818	0	231269	0
818	0	300277	0
818	0	403636	1
818	0	419670	0
818	0	480134	0
818	0	88317	0
820	0	1193	2
820	0	147047	2
820	0	208365	0
820	0	210274	2
820	0	412363	1
820	0	517064	1
820	0	577755	0
820	0	580395	0
820	0	718194	0
820	0	75141	2
8211	0	104458	0
8211	0	104459	1
8211	0	104462	2
8211	0	104463	2
8211	0	104464	3
8211	0	104465	2
8211	0	104467	3
8211	0	104468	2
8211	0	104469	2
8211	0	105742	0
8211	0	12731	2
8211	0	12732	0
8211	0	12733	0
8211	0	12734	0
8211	0	12735	0
8211	0	12737	0
8211	0	12738	2
8211	0	135317	2
8211	0	137089	1
8211	0	137095	2
8211	0	137096	1
8211	0	137097	0
8211	0	137098	0
8211	0	137099	2
8211	0	137100	0
8211	0	137101	0
8211	0	153463	0
8211	0	153464	3
8211	0	153465	2
8211	0	153466	1
8211	0	153467	1
8211	0	153468	1
8211	0	153469	0
8211	0	153470	2
8211	0	166210	3
8211	0	172615	0
8211	0	172616	2
8211	0	172617	2
8211	0	172620	2
8211	0	172621	2
8211	0	178284	2
8211	0	245507	2
8211	0	260509	3
8211	0	270509	2
8211	0	270512	2
8211	0	312031	2
8211	0	314917	0
8211	0	453973	3
8211	0	490715	2
8211	0	497299	3
8211	0	497535	2
8211	0	497536	3
8211	0	497537	2
8211	0	538468	2
8211	0	570951	2
8211	0	570954	3
8211	0	602990	3
8211	0	680926	2
8211	0	686095	2
8211	0	686097	2
8211	0	686098	0
8211	0	686099	3
8211	0	686100	2
8211	0	686101	0
8211	0	686102	2
8211	0	68780	0
8211	0	710935	2
8211	0	710936	2
8211	0	76122	0
8268	0	12812	0
8268	0	133776	2
8268	0	302492	0
8268	0	326193	0
8268	0	326194	3
8268	0	353136	1
8268	0	353137	0
8268	0	377937	0
8268	0	473340	0
8268	0	497586	0
8268	0	661959	0
8268	0	661960	0
8268	0	661961	0
8268	0	661962	0
8268	0	661963	1
8268	0	661964	2
8268	0	96148	2
8280	0	12829	3
8280	0	204747	0
8280	0	242823	0
8280	0	242824	0
8280	0	293537	2
8280	0	297669	0
8280	0	297670	0
8280	0	297671	0
8280	0	408886	1
8280	0	408887	0
8280	0	418863	2
8280	0	576860	3
8280	0	696617	0
8280	0	746665	0
83	0	129	2
83	0	130	2
83	0	134	2
83	0	135	3
83	0	136	2
83	0	137	2
83	0	138	2
83	0	139	2
83	0	140	3
83	0	141	2
83	0	212652	0
83	0	237934	0
83	0	2773	1
83	0	28897	1
83	0	38541	2
83	0	658606	0
83	0	663630	0
83	0	670568	1
83	0	711449	2
83	0	711450	0
83	0	713556	2
83	0	713557	2
83	0	73350	3
83	0	746938	3
8303	0	12859	0
8303	0	12860	1
8303	0	258314	0
8303	0	258315	0
8303	0	290889	0
8303	0	294407	0
8303	0	294408	0
8303	0	328904	0
8303	0	412239	0
8303	0	415705	1
8303	0	497633	0
8303	0	546405	0
8303	0	546406	0
8303	0	672151	1
8319	0	12883	0
8319	0	167094	0
8319	0	398093	0
8319	0	464968	0
8319	0	464969	1
8319	0	514461	2
8319	0	560384	1
8319	0	566332	2
8319	0	63071	1
8319	0	742635	1
8319	0	753897	3
8370	0	121958	0
8370	0	121959	2
8370	0	12953	0
8370	0	12954	2
8370	0	204900	0
8370	0	204901	1
8370	0	242951	3
8370	0	242952	2
8370	0	242953	1
8370	0	259580	0
8370	0	326356	2
8370	0	362921	0
8370	0	43022	0
8370	0	552123	1
8370	0	552124	1
8370	0	604194	2
8370	0	653606	2
8370	0	653607	0
838	0	1218	3
838	0	172532	3
838	0	2950	3
838	0	320198	1
838	0	320199	2
838	0	320200	2
838	0	320201	2
838	0	320202	2
838	0	372481	2
838	0	372482	3
838	0	378712	2
838	0	378713	2
838	0	378714	2
838	0	492247	2
838	0	51755	3
838	0	746730	1
838	0	759395	3
838	0	85453	2
8392	0	12984	2
8392	0	179072	3
8392	0	194046	2
8392	0	243712	0
8392	0	300416	2
8392	0	384203	0
8392	0	530167	3
8392	0	659559	0
8392	0	690065	2
8392	0	724571	1
8393	0	12985	0
8393	0	176164	1
8393	0	226249	0
8393	0	348040	0
8393	0	348041	0
8393	0	378142	1
8393	0	427675	0
8393	0	537865	2
8393	0	63241	0
8393	0	656743	0
8393	0	706674	0
8404	0	13002	0
8404	0	150010	1
8404	0	156016	0
8404	0	206176	0
8404	0	238368	0
8404	0	238369	0
8404	0	430626	2
8404	0	435511	0
8404	0	453392	0
8404	0	512551	0
8404	0	712555	0
8404	0	740506	0
8429	0	13045	0
8429	0	178258	2
8429	0	184267	0
8429	0	184268	2
8429	0	207487	2
8429	0	266109	0
8429	0	351488	1
8429	0	377463	0
8429	0	377469	1
8429	0	437325	2
8429	0	54903	2
8429	0	63262	0
8429	0	746802	0
8497	0	129533	0
8497	0	13163	2
8497	0	134128	1
8497	0	212037	2
8497	0	239406	0
8497	0	326528	2
8497	0	361453	0
8497	0	370826	0
8497	0	469554	2
8497	0	96500	0
8542	0	13247	2
8542	0	13288	0
8542	0	227852	0
8542	0	235196	0
8542	0	235197	0
8542	0	389666	0
8542	0	508417	0
8542	0	584221	0
8542	0	697151	0
8542	0	715727	0
8542	0	722271	0
8555	0	13270	0
8555	0	152258	0
8555	0	163995	0
8555	0	395157	1
8555	0	395158	0
8555	0	465515	2
8555	0	471834	1
8555	0	584150	0
8555	0	648010	0
8555	0	648014	2
8555	0	671499	1
8555	0	679003	1
8555	0	741680	0
8555	0	743058	0
8555	0	743059	0
8555	0	743061	0
8569	0	122272	2
8569	0	13290	1
8569	0	13292	0
8569	0	200513	2
8569	0	205736	2
8569	0	205737	0
8569	0	256021	0
8569	0	347785	3
8569	0	364692	0
8569	0	378146	2
8569	0	604570	2
8569	0	6425	0
8569	0	653918	1
8569	0	727317	0
8569	0	79663	0
8575	0	118480	0
8575	0	13299	0
8575	0	13300	0
8575	0	161404	0
8575	0	222990	0
8575	0	415615	0
8575	0	415616	0
8575	0	415617	0
8575	0	415618	1
8575	0	415619	1
8575	0	453323	1
8575	0	615188	3
8575	0	621266	0
8575	0	636375	0
8575	0	636376	0
8575	0	686082	0
8575	0	735801	0
8575	0	735802	0
8593	0	129488	0
8593	0	129489	0
8593	0	129490	2
8593	0	129491	2
8593	0	129492	0
8593	0	129493	0
8593	0	13329	2
8593	0	13330	2
8593	0	184564	0
8593	0	184565	0
8593	0	258472	2
8593	0	3005	0
8593	0	365690	0
8593	0	365691	2
8593	0	447170	0
8593	0	465578	2
8593	0	503339	3
8593	0	503340	0
8593	0	688733	0
8593	0	688734	1
8593	0	688735	0
8593	0	688736	0
8593	0	688737	0
8593	0	688738	0
8593	0	739241	0
8594	0	13331	0
8594	0	160143	0
8594	0	165275	0
8594	0	184567	0
8594	0	342358	1
8594	0	352770	1
8594	0	497306	0
8594	0	546096	0
8594	0	546097	0
8594	0	553558	0
8594	0	672739	2
8594	0	672740	1
8594	0	672741	0
8594	0	756168	0
8594	0	756169	0
8594	0	756170	0
86	0	101193	0
86	0	133	0
86	0	253891	0
86	0	298356	0
86	0	324908	1
86	0	324909	2
86	0	336563	0
86	0	380653	2
86	0	408337	0
86	0	419570	0
86	0	419571	0
86	0	574151	0
86	0	576340	0
86	0	576341	0
86	0	608148	0
8622	0	128811	2
8622	0	128812	1
8622	0	13384	3
8622	0	137254	0
8622	0	16220	1
8622	0	167145	2
8622	0	329735	3
8622	0	513151	1
8622	0	727825	2
8622	0	758022	1
8622	0	78987	0
8663	0	134423	0
8663	0	13457	0
8663	0	13458	0
8663	0	134605	1
8663	0	249483	0
8663	0	249485	0
8663	0	252903	1
8663	0	252904	3
8663	0	284819	3
8663	0	306269	0
8663	0	306329	0
8663	0	327580	0
8663	0	32812	0
8663	0	32813	2
8663	0	32814	2
8663	0	32815	0
8663	0	32816	2
8663	0	32817	0
8663	0	32818	0
8663	0	32819	2
8663	0	32820	1
8663	0	32821	0
8663	0	378571	0
8663	0	378572	0
8663	0	406143	0
8663	0	406145	0
8663	0	432859	2
8663	0	455570	2
8663	0	45723	0
8663	0	45724	0
8663	0	45725	0
8663	0	45726	0
8663	0	45727	1
8663	0	45728	0
8663	0	45729	0
8663	0	45730	1
8663	0	45734	0
8663	0	45735	2
8663	0	467348	0
8663	0	574135	0
8663	0	574136	0
8663	0	68304	0
8663	0	68305	0
8663	0	68306	1
8663	0	68307	2
8663	0	68308	0
8663	0	78191	0
8663	0	78192	1
8663	0	78197	1
8663	0	78198	0
8663	0	78199	0
8663	0	78200	2
8663	0	78203	1
8715	0	102719	0
8715	0	13555	2
8715	0	152531	0
8715	0	334526	2
8715	0	373285	2
8715	0	416320	1
8715	0	416321	2
8715	0	465784	0
8715	0	541805	2
8715	0	584401	1
8715	0	731892	1
8715	0	731893	2
8718	0	128358	3
8718	0	128359	2
8718	0	13562	1
8718	0	164358	2
8718	0	164359	0
8718	0	338520	2
8718	0	357159	2
8718	0	416322	0
8718	0	416323	0
8718	0	43513	2
8718	0	526432	2
8718	0	557800	2
8718	0	557801	2
8718	0	604799	2
872	0	108424	0
872	0	114410	0
872	0	1260	0
872	0	172564	0
872	0	229150	1
872	0	279788	1
872	0	506928	0
872	0	592263	3
872	0	665970	2
872	0	704491	0
872	0	755358	0
872	0	755359	2
8735	0	103122	2
8735	0	13582	0
8735	0	169137	0
8735	0	219374	0
8735	0	384875	0
8735	0	416543	0
8735	0	449556	0
8735	0	553176	0
8735	0	553177	0
8735	0	553838	0
8735	0	693239	0
8767	0	118527	0
8767	0	118528	0
8767	0	118529	0
8767	0	118530	0
8767	0	118531	2
8767	0	118533	0
8767	0	13636	2
8767	0	156623	0
8767	0	156624	1
8767	0	206758	2
8767	0	206759	0
8767	0	307993	2
8767	0	328193	2
8767	0	328194	3
8767	0	328195	2
8767	0	35793	0
8767	0	411538	0
8767	0	411539	0
8767	0	411540	1
8767	0	436754	1
8767	0	478461	0
8767	0	499321	2
8767	0	499323	0
8767	0	580107	2
8767	0	580108	2
8767	0	580109	1
8767	0	706520	0
8767	0	717947	0
8788	0	13664	2
8788	0	21033	0
8788	0	237058	0
8788	0	237059	0
8788	0	25024	2
8788	0	258183	0
8788	0	306404	0
8788	0	386209	1
8788	0	386210	0
8788	0	386211	0
8788	0	477101	0
8788	0	477761	0
8788	0	509023	0
8788	0	617300	2
8788	0	617301	0
8788	0	632236	2
8788	0	653237	0
8788	0	656415	0
8818	0	102940	0
8818	0	134733	0
8818	0	13709	0
8818	0	211277	0
8818	0	211289	0
8818	0	295021	0
8818	0	35473	0
8818	0	35475	0
8818	0	35477	0
8818	0	35478	0
8818	0	409498	0
8818	0	433353	0
8818	0	43420	0
8818	0	436876	0
8818	0	547432	2
8818	0	552357	1
8818	0	572877	0
8818	0	747143	0
8818	0	76520	0
8852	0	13771	2
8852	0	13772	0
8852	0	244517	0
8852	0	308674	0
8852	0	308675	2
8852	0	506726	0
8852	0	506727	0
8852	0	546196	0
8852	0	586826	3
8852	0	706477	2
8852	0	72111	0
8852	0	725339	2
8852	0	742990	0
8852	0	757413	0
8875	0	128171	3
8875	0	13810	0
8875	0	13812	0
8875	0	185960	2
8875	0	225915	2
8875	0	306444	1
8875	0	350660	0
8875	0	352040	1
8875	0	529251	2
8875	0	529252	0
8875	0	529253	1
8875	0	53870	1
8875	0	647059	0
8875	0	647060	0
8875	0	696915	1
8875	0	696916	1
8875	0	712590	2
8875	0	754965	3
8875	0	82722	2
8901	0	1059	0
8901	0	122813	0
8901	0	13852	0
8901	0	205812	0
8901	0	205813	2
8901	0	205814	0
8901	0	205815	0
8901	0	327218	0
8901	0	337	0
8901	0	456258	2
8901	0	487677	1
8901	0	505837	1
8901	0	624368	0
8901	0	706305	0
8901	0	706306	0
8901	0	706307	0
8901	0	706308	0
8918	0	13883	3
8918	0	13884	1
8918	0	153567	0
8918	0	185672	2
8918	0	319985	0
8918	0	38895	0
8918	0	416638	0
8918	0	440989	2
8918	0	466119	0
8918	0	584742	2
8918	0	650845	0
8923	0	134875	2
8923	0	13890	0
8923	0	198085	0
8923	0	244550	0
8923	0	295320	0
8923	0	327203	1
8923	0	497868	2
8923	0	583072	1
8923	0	693134	0
8923	0	725449	0
8947	0	13923	0
8947	0	13924	1
8947	0	13925	0
8947	0	205896	0
8947	0	263120	0
8947	0	268957	0
8947	0	286434	0
8947	0	436475	2
8947	0	457358	0
8947	0	457997	0
8947	0	457998	1
8947	0	457999	0
8947	0	507571	2
8947	0	634992	3
9037	0	14068	0
9037	0	185302	3
9037	0	185988	1
9037	0	302195	0
9037	0	329483	0
9037	0	329484	0
9037	0	329485	1
9037	0	329487	0
9037	0	329488	0
9037	0	329489	0
9037	0	370095	2
9037	0	380356	1
9037	0	380357	0
9037	0	380358	0
9037	0	380359	0
9037	0	380360	1
9037	0	380361	0
9037	0	380362	0
9037	0	380363	2
9037	0	380366	0
9037	0	443832	0
9037	0	469168	0
9037	0	547589	2
9037	0	686823	2
9070	0	14134	0
9070	0	14135	0
9070	0	250137	1
9070	0	271314	0
9070	0	294881	0
9070	0	301961	0
9070	0	301985	0
9070	0	326912	0
9070	0	378518	1
9070	0	421892	0
9070	0	498140	0
9070	0	498141	0
9070	0	498142	0
9070	0	503955	0
9070	0	546889	0
9089	0	133327	1
9089	0	14165	0
9089	0	14166	0
9089	0	175515	0
9089	0	175516	0
9089	0	175518	1
9089	0	213045	1
9089	0	218269	2
9089	0	343200	0
9089	0	513685	2
9089	0	553306	0
9089	0	585194	0
9089	0	682911	0
9089	0	733295	0
9089	0	97517	2
9132	0	103440	0
9132	0	14245	0
9132	0	223594	0
9132	0	416310	0
9132	0	416311	0
9132	0	474492	0
9132	0	549907	0
9132	0	584911	0
9132	0	584912	1
9132	0	585103	0
9132	0	662955	0
9132	0	67357	0
9132	0	67358	0
9132	0	67359	0
9164	0	303711	3
9164	0	420430	3
9164	0	490770	1
9164	0	643206	3
9164	0	69241	0
9164	0	725880	2
9164	0	91258	2
917	0	231226	1
917	0	231233	0
917	0	284975	0
917	0	284977	0
917	0	294213	0
917	0	300362	0
917	0	317559	0
917	0	317560	0
917	0	479987	0
917	0	479988	0
917	0	520345	1
917	0	56448	2
917	0	572561	0
917	0	572562	0
917	0	572563	0
917	0	572564	0
917	0	680120	0
917	0	680121	0
917	0	720993	0
917	0	9424	0
917	0	9425	0
9211	0	103462	0
9211	0	14391	2
9211	0	368775	0
9211	0	519734	2
9211	0	537504	1
9211	0	547892	2
9211	0	547893	1
9211	0	585229	0
9211	0	617904	2
9211	0	661812	1
9211	0	92529	2
9220	0	14411	2
9220	0	170318	3
9220	0	170319	2
9220	0	170320	0
9220	0	191290	1
9220	0	191291	0
9220	0	191292	1
9220	0	191293	2
9220	0	191294	0
9220	0	191295	0
9220	0	312674	0
9220	0	350609	0
9220	0	363493	2
9220	0	363494	0
9220	0	500897	1
9220	0	548327	2
9220	0	642395	0
9220	0	642396	1
9220	0	671885	2
9220	0	757468	1
9220	0	757469	1
9233	0	14432	3
9233	0	14433	0
9233	0	162659	0
9233	0	224790	0
9233	0	245235	0
9233	0	245236	0
9233	0	32777	3
9233	0	357898	0
9233	0	463609	0
9233	0	617220	0
9233	0	661252	0
9233	0	70143	2
9233	0	702293	0
9233	0	70975	0
9233	0	70977	3
9233	0	70978	0
9233	0	711159	3
9233	0	726230	0
9233	0	726231	0
9234	0	14434	2
9234	0	14449	0
9234	0	213912	0
9234	0	213913	2
9234	0	264282	1
9234	0	302687	0
9234	0	347614	2
9234	0	366748	0
9234	0	371769	2
9234	0	386311	0
9234	0	386313	2
9234	0	386314	0
9234	0	386315	2
9234	0	386316	0
9234	0	386317	1
9234	0	386319	1
9234	0	421562	0
9234	0	421568	2
9234	0	421569	1
9234	0	421570	0
9234	0	421571	0
9234	0	421572	0
9234	0	421573	0
9234	0	421574	1
9234	0	421575	0
9234	0	516774	1
9234	0	523348	0
9234	0	523349	0
9234	0	540497	2
9234	0	540498	2
9234	0	548203	3
9234	0	561557	0
9234	0	93173	3
9234	0	93174	0
9235	0	116434	0
9235	0	14435	0
9235	0	169319	0
9235	0	169322	0
9235	0	202068	1
9235	0	202069	2
9235	0	219557	0
9235	0	250143	0
9235	0	33099	1
9235	0	33101	3
9235	0	378639	0
9235	0	400387	2
9235	0	449761	0
9235	0	582290	0
9235	0	6397	0
9235	0	759414	0
9235	0	759415	0
9235	0	77000	0
9235	0	77003	2
9235	0	77006	0
9235	0	86303	0
9235	0	97939	0
9235	0	97940	0
9263	0	14480	0
9263	0	149500	0
9263	0	149501	1
9263	0	233415	0
9263	0	272058	0
9263	0	276978	0
9263	0	436991	0
9263	0	569834	2
9263	0	60650	0
9263	0	619098	0
9263	0	733493	0
9263	0	733494	0
9263	0	733495	0
927	0	104254	0
927	0	122381	1
927	0	1339	0
927	0	141946	1
927	0	141947	1
927	0	172652	2
927	0	2969	0
927	0	485417	0
927	0	485418	2
927	0	53951	2
927	0	585782	3
927	0	703770	0
9277	0	103816	0
9277	0	129573	0
9277	0	14496	3
9277	0	200326	0
9277	0	218578	0
9277	0	434267	0
9277	0	503296	2
9277	0	637524	2
9277	0	637525	0
9277	0	637526	1
9277	0	687186	2
9277	0	687187	0
9277	0	687188	0
9277	0	693856	0
9279	0	119101	0
9279	0	14498	0
9279	0	196075	1
9279	0	196076	0
9279	0	24885	2
9279	0	277386	1
9279	0	469037	2
9279	0	469038	0
9279	0	500965	0
9279	0	595483	0
9279	0	668545	1
9279	0	674754	0
9279	0	674755	0
929	0	1341	0
929	0	270810	1
929	0	314799	3
929	0	392650	2
929	0	435814	2
929	0	441939	2
929	0	522681	2
929	0	668882	2
929	0	712674	2
929	0	78691	0
9309	0	135499	0
9309	0	14550	0
9309	0	398149	1
9309	0	398150	0
9309	0	398151	1
9309	0	398152	0
9309	0	398153	0
9309	0	398154	0
9309	0	398155	1
9309	0	398156	0
9309	0	398159	0
9309	0	398160	3
9309	0	417277	0
9309	0	417278	0
9309	0	431289	0
9309	0	461187	0
9309	0	461190	0
9309	0	461192	0
9309	0	461193	0
9309	0	461194	0
9309	0	461195	0
9309	0	461196	0
9309	0	461197	0
9309	0	470043	0
9309	0	470062	0
9309	0	47997	0
9309	0	48003	0
9309	0	543561	2
9309	0	579698	1
9309	0	579700	2
9309	0	579702	0
9309	0	585349	1
9309	0	585350	0
9309	0	679371	0
9309	0	726684	2
9309	0	731799	0
9309	0	759013	0
9309	0	86432	1
9326	0	14574	0
9326	0	158968	1
9326	0	335639	0
9326	0	335644	0
9326	0	379463	1
9326	0	379464	1
9326	0	445297	2
9326	0	451438	0
9326	0	503312	0
9326	0	503313	2
9326	0	564153	2
9326	0	564169	2
9326	0	585191	2
9326	0	613338	0
9326	0	728626	0
9326	0	728628	1
9351	0	114999	0
9351	0	14603	0
9351	0	299612	1
9351	0	312034	2
9351	0	397002	0
9351	0	497832	0
9351	0	49930	0
9351	0	585492	0
9351	0	655749	0
9351	0	720830	0
9389	0	14657	3
9389	0	186563	0
9389	0	336950	1
9389	0	379591	0
9389	0	379592	3
9389	0	499293	3
9389	0	579381	2
9389	0	648606	0
9389	0	707828	0
9389	0	709796	0
9389	0	709797	0
9389	0	709798	0
9389	0	709799	0
9389	0	709800	1
9389	0	709801	0
9389	0	709802	0
9389	0	726233	0
9389	0	726234	0
9389	0	726237	0
9389	0	726238	2
9389	0	726239	0
9389	0	726240	2
9389	0	726241	2
9389	0	726242	0
9389	0	726243	0
9389	0	726244	0
9389	0	731463	2
9389	0	88765	0
9389	0	88781	0
9412	0	120416	2
9412	0	14695	2
9412	0	170624	2
9412	0	185939	0
9412	0	292146	1
9412	0	350498	2
9412	0	389860	2
9412	0	472084	0
9412	0	472085	0
9412	0	565749	1
9412	0	621158	1
9412	0	660442	0
9412	0	738416	0
9425	0	14727	0
9425	0	161650	0
9425	0	161651	0
9425	0	328109	2
9425	0	33138	1
9425	0	42600	0
9425	0	42601	0
9425	0	42602	0
9425	0	42604	1
9425	0	42605	1
9425	0	43172	0
9425	0	518843	2
9425	0	525446	3
9425	0	525447	0
9425	0	526101	0
9425	0	526334	0
9425	0	93499	2
9533	0	14902	0
9533	0	176335	0
9533	0	197245	0
9533	0	197246	0
9533	0	197247	0
9533	0	370112	0
9533	0	469108	0
9533	0	469109	0
9533	0	469110	0
9533	0	473530	0
9533	0	517208	0
9533	0	517218	0
9533	0	538767	0
9533	0	587577	0
9533	0	728758	0
9533	0	79220	2
9533	0	79221	1
9533	0	88263	0
9533	0	88264	2
9543	0	118785	0
9543	0	14921	0
9543	0	220492	0
9543	0	28532	0
9543	0	28533	0
9543	0	285881	2
9543	0	337918	2
9543	0	34655	0
9543	0	34656	2
9543	0	369067	3
9543	0	512117	2
9543	0	532494	3
9543	0	532495	0
9543	0	60731	0
9543	0	61460	1
9543	0	61461	1
9543	0	61464	0
9543	0	61465	2
9543	0	61466	0
9543	0	61467	1
9543	0	61468	2
9543	0	61469	0
9543	0	61470	1
9543	0	651258	3
9543	0	73249	0
9543	0	73250	3
9543	0	73251	2
9543	0	73252	0
9543	0	73253	1
956	0	136523	0
956	0	1387	0
956	0	173462	0
956	0	182761	0
956	0	208804	1
956	0	231776	0
956	0	231777	0
956	0	264257	1
956	0	3005	0
956	0	366457	1
956	0	366458	1
956	0	388541	2
956	0	60611	0
956	0	660431	0
956	0	8328	0
956	0	8329	1
956	0	8846	0
9561	0	135927	1
9561	0	14950	2
9561	0	181761	3
9561	0	214581	2
9561	0	303114	2
9561	0	38807	2
9561	0	449230	3
9561	0	449448	2
9561	0	586528	0
9561	0	725952	0
9579	0	14979	0
9579	0	206907	0
9579	0	206908	0
9579	0	229736	3
9579	0	290348	0
9579	0	325106	1
9579	0	325108	0
9579	0	38033	0
9579	0	407057	0
9579	0	579645	3
9579	0	637985	0
9579	0	637986	1
9579	0	688183	2
9579	0	688184	2
9579	0	738669	3
9585	0	14987	1
9585	0	19524	2
9585	0	218508	2
9585	0	264850	0
9585	0	344409	0
9585	0	380608	0
9585	0	47272	0
9585	0	65146	0
9585	0	703230	0
9585	0	703231	1
9585	0	97739	2
9601	0	124982	1
9601	0	15011	0
9601	0	195072	2
9601	0	245740	3
9601	0	245741	2
9601	0	245742	0
9601	0	296441	2
9601	0	296442	0
9601	0	296443	0
9601	0	334572	0
9601	0	334574	1
9601	0	334575	2
9601	0	334576	2
9601	0	334577	2
9601	0	407088	3
9601	0	606253	2
9601	0	721729	0
9601	0	75078	2
9617	0	124023	1
9617	0	138859	2
9617	0	15031	0
9617	0	226060	1
9617	0	226063	0
9617	0	226068	2
9617	0	231576	0
9617	0	243725	0
9617	0	296273	0
9617	0	296275	1
9617	0	371311	0
9617	0	371312	0
9617	0	420896	0
9617	0	475805	0
9617	0	475806	0
9617	0	475807	2
9617	0	524940	1
9617	0	524941	1
9617	0	524942	1
9617	0	643873	1
9617	0	89014	2
9617	0	89015	0
9644	0	15069	0
9644	0	15070	1
9644	0	20258	0
9644	0	206988	0
9644	0	220987	1
9644	0	393330	0
9644	0	411060	0
9644	0	530152	0
9644	0	57034	0
9644	0	611363	0
9644	0	611365	0
9644	0	611366	0
9644	0	621146	0
9644	0	621149	0
9644	0	668776	0
9644	0	701371	0
9701	0	15171	1
9701	0	15172	0
9701	0	15174	0
9701	0	15175	0
9701	0	15176	0
9701	0	15177	2
9701	0	15178	0
9701	0	15179	2
9701	0	15180	3
9701	0	15181	1
9701	0	20341	0
9701	0	20342	2
9701	0	20343	0
9701	0	20344	0
9701	0	20345	1
9701	0	20346	0
9701	0	20347	0
9701	0	20348	2
9701	0	207091	0
9701	0	211183	1
9701	0	211188	0
9701	0	211190	0
9701	0	211200	2
9701	0	211201	2
9701	0	211203	1
9701	0	211206	0
9701	0	217431	1
9701	0	23426	0
9701	0	290817	0
9701	0	290820	0
9701	0	290821	0
9701	0	390404	3
9701	0	390408	0
9701	0	390418	0
9701	0	411158	2
9701	0	411159	2
9701	0	446219	1
9701	0	446220	1
9701	0	446221	0
9701	0	446222	1
9701	0	446224	2
9701	0	446225	0
9701	0	446226	0
9701	0	463957	0
9701	0	463958	3
9701	0	463959	2
9701	0	463960	0
9701	0	495892	2
9701	0	495893	1
9701	0	570262	2
9701	0	611445	2
9701	0	616863	1
9701	0	616864	0
9701	0	616865	1
9701	0	616866	0
9701	0	616867	1
9701	0	672432	1
9701	0	676968	0
9701	0	698849	1
9701	0	698850	0
9701	0	698851	0
9701	0	698852	1
9727	0	15208	2
9727	0	190876	1
9727	0	239355	0
9727	0	239513	2
9727	0	47465	0
9727	0	47466	2
9727	0	499139	0
9727	0	519473	0
9727	0	583571	3
9727	0	638180	0
9727	0	682993	0
974	0	122451	2
974	0	1408	2
974	0	279996	1
974	0	422011	0
974	0	428359	2
974	0	428360	0
974	0	515406	0
974	0	569548	1
974	0	60384	2
974	0	712728	2
974	0	731056	0
9760	0	129998	0
9760	0	15258	0
9760	0	15261	3
9760	0	154688	0
9760	0	168306	1
9760	0	24838	2
9760	0	251242	0
9760	0	288422	2
9760	0	356620	0
9760	0	356622	0
9760	0	356623	1
9760	0	42956	0
9760	0	580035	0
9760	0	600897	0
9760	0	600900	0
9760	0	600906	0
9760	0	665362	0
9760	0	75107	0
9760	0	754689	0
9760	0	754690	0
9760	0	87733	0
9767	0	15269	2
9767	0	15270	1
9767	0	278576	0
9767	0	287925	0
9767	0	344639	0
9767	0	449672	0
9767	0	508755	2
9767	0	523790	1
9767	0	594829	3
9767	0	638227	2
9767	0	638228	1
9767	0	726740	1
9767	0	91227	2
9782	0	15295	0
9782	0	15296	2
9782	0	15297	2
9782	0	187286	0
9782	0	208996	2
9782	0	214161	0
9782	0	214162	0
9782	0	254380	1
9782	0	259249	0
9782	0	264516	2
9782	0	381358	0
9782	0	662692	0
9782	0	662693	0
9782	0	67022	0
9782	0	7038	0
9782	0	93390	0
9782	0	93391	1
9782	0	93392	2
9786	0	122929	0
9786	0	122932	0
9786	0	15303	0
9786	0	155270	0
9786	0	173786	0
9786	0	173787	0
9786	0	173788	1
9786	0	238207	1
9786	0	238208	0
9786	0	238209	2
9786	0	238210	0
9786	0	238211	3
9786	0	238212	0
9786	0	238214	3
9786	0	238215	3
9786	0	238216	3
9786	0	283235	0
9786	0	315338	0
9786	0	388534	0
9786	0	388536	0
9786	0	388537	0
9786	0	46435	0
9786	0	46436	2
9786	0	544675	3
9786	0	544687	0
9786	0	660067	0
9786	0	686809	3
9786	0	725025	0
9786	0	725026	1
9786	0	725027	2
9786	0	725028	2
9786	0	725031	1
9786	0	725032	0
9786	0	725033	2
9786	0	734280	0
9800	0	101591	2
9800	0	101592	0
9800	0	15322	0
9800	0	15323	1
9800	0	499269	0
9800	0	499492	0
9800	0	508113	0
9800	0	508114	2
9800	0	534093	1
9800	0	534094	3
9800	0	583122	0
9800	0	677304	0
9800	0	687961	0
9800	0	696832	2
9800	0	696833	0
9847	0	128017	2
9847	0	15390	0
9847	0	187510	1
9847	0	201657	2
9847	0	340299	1
9847	0	340300	2
9847	0	340301	0
9847	0	340302	2
9847	0	340303	0
9847	0	359852	2
9847	0	418040	2
9847	0	418041	2
9847	0	432250	1
9847	0	432251	2
9847	0	481801	2
9847	0	530409	0
9847	0	530410	0
9847	0	530411	0
9847	0	537599	1
9847	0	592262	2
9847	0	606605	2
9847	0	606606	2
9847	0	726913	2
9891	0	119429	1
9891	0	119430	0
9891	0	119432	0
9891	0	119434	3
9891	0	119435	2
9891	0	138022	0
9891	0	15466	0
9891	0	15468	0
9891	0	15469	1
9891	0	15470	0
9891	0	2516	0
9891	0	311746	1
9891	0	556990	0
9891	0	625047	0
9891	0	695626	0
9891	0	709584	1
9891	0	709585	0
9891	0	712105	1
9891	0	759664	0
9891	0	759665	1
9891	0	760520	0
9891	0	760521	1
9891	0	92442	2
9891	0	92444	2
9908	0	15501	2
9908	0	16455	0
9908	0	16673	1
9908	0	208644	0
9908	0	297953	0
9908	0	297954	0
9908	0	348344	0
9908	0	359337	0
9908	0	386497	0
9908	0	386499	0
9908	0	386501	0
9908	0	386502	0
9908	0	5016	0
9908	0	548711	0
9908	0	662642	0
9908	0	66707	0
9908	0	706841	0
9926	0	112323	2
9926	0	112432	1
9926	0	15532	0
9926	0	197085	2
9926	0	300445	0
9926	0	302970	1
9926	0	387940	1
9926	0	390191	0
9926	0	465932	1
9926	0	509628	3
9926	0	509819	0
9926	0	509820	0
9926	0	509821	3
9926	0	509822	2
9926	0	509823	1
9926	0	515374	1
9926	0	665532	0
9936	0	15543	0
9936	0	15544	2
9936	0	20562	2
9936	0	20563	0
9936	0	207459	1
9936	0	25754	0
9936	0	25756	0
9936	0	25757	0
9936	0	334037	2
9936	0	334038	0
9936	0	334039	0
9936	0	454967	2
9936	0	454968	0
9936	0	504466	2
9936	0	694114	2
9936	0	732122	0
9936	0	732123	0
9936	0	737385	0
9936	0	737386	0
9948	0	11300	0
9948	0	15567	0
9948	0	27289	0
9948	0	30818	1
9948	0	311456	2
9948	0	446873	0
9948	0	446875	0
9948	0	449881	3
9948	0	611861	0
9948	0	611862	0
9948	0	727122	1
9962	0	117775	0
9962	0	15591	0
9962	0	219642	1
9962	0	219643	0
9962	0	219644	0
9962	0	270144	1
9962	0	380975	1
9962	0	419255	0
9962	0	500313	0
9962	0	552977	2
9962	0	586391	1
9962	0	69942	0
9962	0	69944	0
9962	0	98951	0
9977	0	15617	2
9977	0	30726	2
9977	0	326695	0
9977	0	359213	2
9977	0	397173	1
9977	0	416654	0
9977	0	416655	2
9977	0	487155	2
9977	0	535643	3
9977	0	535644	1
9977	0	598073	0
9977	0	598081	1
9977	0	626871	2
9977	0	687779	2
9977	0	688896	2
9977	0	739371	1
9977	0	739374	1
